{"v":"4.8.0","meta":{"g":"LottieFiles AE 3.4.5","a":"","k":"","d":"","tc":"#FFFFFF"},"fr":15,"ip":0,"op":12,"w":546,"h":636,"nm":"Comp 2","ddd":0,"assets":[{"id":"comp_0","layers":[{"ddd":0,"ind":1,"ty":4,"nm":"Layer 6","sr":1,"ks":{"o":{"a":0,"k":100,"ix":11},"r":{"a":0,"k":0,"ix":10},"p":{"a":1,"k":[{"t":2,"s":[276.453,382.233,0],"h":1},{"t":3,"s":[276.453,380.733,0],"h":1},{"t":4,"s":[276.453,378.733,0],"h":1},{"t":5,"s":[276.453,380.733,0],"h":1}],"ix":2},"a":{"a":0,"k":[0,0,0],"ix":1},"s":{"a":0,"k":[72.966,72.966,100],"ix":6}},"ao":0,"shapes":[{"ty":"gr","it":[{"ind":0,"ty":"sh","ix":1,"ks":{"a":1,"k":[{"t":0,"s":[{"i":[[0,0],[-8.371,-14.035],[-47.717,-3.313],[0,0]],"o":[[0,0],[0,0],[0,0],[0,0]],"v":[[-45.041,-41.469],[-34.05,37.014],[30.993,14.643],[21.15,-19.856]],"c":false}],"h":1},{"t":1,"s":[{"i":[[0,0],[-19.409,-10.896],[-27.581,0],[0,0]],"o":[[0,0],[0,0],[0,0],[0,0]],"v":[[-45.041,-41.469],[-14.178,40.441],[41.957,6.762],[14.64,-29.107]],"c":false}],"h":1},{"t":2,"s":[{"i":[[0,0],[-55.653,-25.342],[-34.697,-2.285],[0,0]],"o":[[0,0],[0,0],[0,0],[0,0]],"v":[[-45.041,-41.469],[5.01,34.616],[63.885,-4.887],[27.66,-41.785]],"c":false}],"h":1},{"t":3,"s":[{"i":[[0,0],[-58.052,-25.685],[-27.502,15.531],[0,0]],"o":[[0,0],[0,0],[0,0],[0,0]],"v":[[-45.041,-41.469],[19.4,29.134],[71.766,-25.102],[27.318,-41.785]],"c":false}],"h":1},{"t":4,"s":[{"i":[[0,0],[-70.386,-22.258],[-27.502,15.531],[0,0]],"o":[[0,0],[0,0],[0,0],[0,0]],"v":[[-45.041,-43.182],[22.826,24.337],[71.766,-26.815],[27.318,-43.498]],"c":false}],"h":1},{"t":5,"s":[{"i":[[0,0],[-73.47,-45.9],[-27.502,15.531],[0,0]],"o":[[0,0],[0,0],[0,0],[0,0]],"v":[[-45.041,-43.182],[11.519,40.441],[56.005,-9.684],[23.549,-41.442]],"c":false}],"h":1}],"ix":2},"nm":"Path 1","mn":"ADBE Vector Shape - Group","hd":false},{"ty":"st","c":{"a":0,"k":[0,0,0,1],"ix":3},"o":{"a":0,"k":100,"ix":4},"w":{"a":0,"k":1.447,"ix":5},"lc":1,"lj":1,"ml":10,"bm":0,"nm":"Stroke 1","mn":"ADBE Vector Graphic - Stroke","hd":false},{"ty":"fl","c":{"a":0,"k":[0.403921574354,0.396078437567,0.40000000596,1],"ix":4},"o":{"a":0,"k":100,"ix":5},"r":1,"bm":0,"nm":"Fill 1","mn":"ADBE Vector Graphic - Fill","hd":false},{"ty":"tr","p":{"a":0,"k":[0,0],"ix":2},"a":{"a":0,"k":[0,0],"ix":1},"s":{"a":0,"k":[100,100],"ix":3},"r":{"a":0,"k":0,"ix":6},"o":{"a":0,"k":100,"ix":7},"sk":{"a":0,"k":0,"ix":4},"sa":{"a":0,"k":0,"ix":5},"nm":"Transform"}],"nm":"Group 1","np":3,"cix":2,"bm":0,"ix":1,"mn":"ADBE Vector Group","hd":false}],"ip":0,"op":6,"st":0,"bm":0},{"ddd":0,"ind":2,"ty":4,"nm":"Layer 5","sr":1,"ks":{"o":{"a":0,"k":100,"ix":11},"r":{"a":1,"k":[{"t":0,"s":[-32],"h":1},{"t":1,"s":[-10],"h":1},{"t":2,"s":[2],"h":1},{"t":3,"s":[7],"h":1},{"t":4,"s":[38],"h":1},{"t":5,"s":[80],"h":1}],"ix":10},"p":{"a":1,"k":[{"t":0,"s":[329.929,531.053,0],"h":1},{"t":1,"s":[273.429,545.803,0],"h":1},{"t":2,"s":[239.179,526.053,0],"h":1},{"t":3,"s":[184.679,516.553,0],"h":1},{"t":4,"s":[158.054,461.928,0],"h":1},{"t":5,"s":[165.054,418.678,0],"h":1}],"ix":2},"a":{"a":0,"k":[378.765,789.367,0],"ix":1},"s":{"a":0,"k":[100,100,100],"ix":6}},"ao":0,"shapes":[{"ty":"gr","it":[{"ind":0,"ty":"sh","ix":1,"ks":{"a":0,"k":{"i":[[-3.178,-1.888],[0,0],[-1.888,3.178],[0,0],[3.178,1.888],[0,0],[1.888,-3.178],[0,0]],"o":[[0,0],[3.178,1.888],[0,0],[1.888,-3.178],[0,0],[-3.178,-1.888],[0,0],[-1.888,3.178]],"v":[[-14.07,-0.54],[7.203,12.098],[16.415,9.752],[16.415,9.752],[14.07,0.54],[-7.203,-12.098],[-16.415,-9.752],[-16.415,-9.752]],"c":true},"ix":2},"nm":"Path 1","mn":"ADBE Vector Shape - Group","hd":false},{"ty":"st","c":{"a":0,"k":[0.137254908681,0.121568627656,0.1254902035,1],"ix":3},"o":{"a":0,"k":100,"ix":4},"w":{"a":0,"k":2.5,"ix":5},"lc":1,"lj":1,"ml":10,"bm":0,"nm":"Stroke 1","mn":"ADBE Vector Graphic - Stroke","hd":false},{"ty":"fl","c":{"a":0,"k":[1,1,1,1],"ix":4},"o":{"a":0,"k":100,"ix":5},"r":1,"bm":0,"nm":"Fill 1","mn":"ADBE Vector Graphic - Fill","hd":false},{"ty":"tr","p":{"a":0,"k":[378.964,789.94],"ix":2},"a":{"a":0,"k":[0,0],"ix":1},"s":{"a":0,"k":[100,100],"ix":3},"r":{"a":0,"k":0,"ix":6},"o":{"a":0,"k":100,"ix":7},"sk":{"a":0,"k":0,"ix":4},"sa":{"a":0,"k":0,"ix":5},"nm":"Transform"}],"nm":"Group 1","np":3,"cix":2,"bm":0,"ix":1,"mn":"ADBE Vector Group","hd":false},{"ty":"gr","it":[{"ind":0,"ty":"sh","ix":1,"ks":{"a":0,"k":{"i":[[-4.416,-4.235],[-12.31,-7.309],[-9.196,-1.388],[1.984,-2.698],[0.065,0.02],[13.25,24.49],[0,0]],"o":[[10.355,9.93],[7.93,4.709],[-1.573,2.925],[-0.069,-0.012],[-18.638,-5.757],[0,0],[3.033,5.453]],"v":[[-21.329,-15.258],[13.012,10.205],[38.834,20.775],[33.387,29.175],[33.173,29.153],[-38.834,-21.553],[-34.026,-29.175]],"c":true},"ix":2},"nm":"Path 1","mn":"ADBE Vector Shape - Group","hd":false},{"ty":"st","c":{"a":0,"k":[0.137254908681,0.121568627656,0.1254902035,1],"ix":3},"o":{"a":0,"k":100,"ix":4},"w":{"a":0,"k":2,"ix":5},"lc":1,"lj":1,"ml":10,"bm":0,"nm":"Stroke 1","mn":"ADBE Vector Graphic - Stroke","hd":false},{"ty":"fl","c":{"a":0,"k":[0.40000000596,0.40000000596,0.392156869173,1],"ix":4},"o":{"a":0,"k":100,"ix":5},"r":1,"bm":0,"nm":"Fill 1","mn":"ADBE Vector Graphic - Fill","hd":false},{"ty":"tr","p":{"a":0,"k":[378.384,846.811],"ix":2},"a":{"a":0,"k":[0,0],"ix":1},"s":{"a":0,"k":[100,100],"ix":3},"r":{"a":0,"k":0,"ix":6},"o":{"a":0,"k":100,"ix":7},"sk":{"a":0,"k":0,"ix":4},"sa":{"a":0,"k":0,"ix":5},"nm":"Transform"}],"nm":"Group 2","np":3,"cix":2,"bm":0,"ix":2,"mn":"ADBE Vector Group","hd":false},{"ty":"gr","it":[{"ind":0,"ty":"sh","ix":1,"ks":{"a":0,"k":{"i":[[-4.271,3.661],[-5.876,0.681],[-4.855,-3.025],[-2.255,-3.11],[1.198,-4.79],[3.711,-5.048],[0.065,0.02],[15.408,10.555]],"o":[[4.452,-3.816],[5.662,-0.656],[3.144,1.959],[1.384,4.369],[-1.522,6.086],[-0.069,-0.012],[-10.427,-3.221],[3.542,-4.363]],"v":[[-14.88,-13.301],[0.728,-20.522],[16.701,-17.177],[24.952,-9.422],[25.58,4.278],[16.923,20.716],[16.709,20.694],[-26.275,-0.906]],"c":true},"ix":2},"nm":"Path 1","mn":"ADBE Vector Shape - Group","hd":false},{"ty":"st","c":{"a":0,"k":[0.137254908681,0.121568627656,0.1254902035,1],"ix":3},"o":{"a":0,"k":100,"ix":4},"w":{"a":0,"k":2.5,"ix":5},"lc":1,"lj":1,"ml":10,"bm":0,"nm":"Stroke 1","mn":"ADBE Vector Graphic - Stroke","hd":false},{"ty":"fl","c":{"a":0,"k":[1,1,1,1],"ix":4},"o":{"a":0,"k":100,"ix":5},"r":1,"bm":0,"nm":"Fill 1","mn":"ADBE Vector Graphic - Fill","hd":false},{"ty":"tr","p":{"a":0,"k":[394.848,855.269],"ix":2},"a":{"a":0,"k":[0,0],"ix":1},"s":{"a":0,"k":[100,100],"ix":3},"r":{"a":0,"k":0,"ix":6},"o":{"a":0,"k":100,"ix":7},"sk":{"a":0,"k":0,"ix":4},"sa":{"a":0,"k":0,"ix":5},"nm":"Transform"}],"nm":"Group 3","np":3,"cix":2,"bm":0,"ix":3,"mn":"ADBE Vector Group","hd":false},{"ty":"gr","it":[{"ind":0,"ty":"sh","ix":1,"ks":{"a":0,"k":{"i":[[3.4,-1.099],[-0.103,8.536],[-7.527,-1.286],[-1.067,-1.829]],"o":[[-4.653,1.62],[0.099,-8.314],[0.427,1.378],[-3.552,0.004]],"v":[[1.513,1.226],[-12.019,2.027],[9.809,-5.43],[12.02,-0.618]],"c":true},"ix":2},"nm":"Path 1","mn":"ADBE Vector Shape - Group","hd":false},{"ty":"st","c":{"a":0,"k":[0.137254908681,0.121568627656,0.1254902035,1],"ix":3},"o":{"a":0,"k":100,"ix":4},"w":{"a":0,"k":2,"ix":5},"lc":1,"lj":1,"ml":10,"bm":0,"nm":"Stroke 1","mn":"ADBE Vector Graphic - Stroke","hd":false},{"ty":"fl","c":{"a":0,"k":[0.992156863213,0.603921592236,0.207843139768,1],"ix":4},"o":{"a":0,"k":100,"ix":5},"r":1,"bm":0,"nm":"Fill 1","mn":"ADBE Vector Graphic - Fill","hd":false},{"ty":"tr","p":{"a":0,"k":[380.375,812.831],"ix":2},"a":{"a":0,"k":[0,0],"ix":1},"s":{"a":0,"k":[100,100],"ix":3},"r":{"a":0,"k":0,"ix":6},"o":{"a":0,"k":100,"ix":7},"sk":{"a":0,"k":0,"ix":4},"sa":{"a":0,"k":0,"ix":5},"nm":"Transform"}],"nm":"Group 4","np":3,"cix":2,"bm":0,"ix":4,"mn":"ADBE Vector Group","hd":false},{"ty":"gr","it":[{"ind":0,"ty":"sh","ix":1,"ks":{"a":0,"k":{"i":[[2.659,-0.178],[6.324,0.597],[-0.947,1.965],[-6.799,-0.198],[-3.063,-3.124]],"o":[[-10.347,1.007],[-2.342,-1.042],[3.572,-6.598],[2.231,2.543],[-2.55,-0.586]],"v":[[6.102,1.249],[-12.068,6.63],[-13.285,0.859],[5.797,-6.658],[13.942,1.898]],"c":true},"ix":2},"nm":"Path 1","mn":"ADBE Vector Shape - Group","hd":false},{"ty":"st","c":{"a":0,"k":[0.137254908681,0.121568627656,0.1254902035,1],"ix":3},"o":{"a":0,"k":100,"ix":4},"w":{"a":0,"k":2,"ix":5},"lc":1,"lj":1,"ml":10,"bm":0,"nm":"Stroke 1","mn":"ADBE Vector Graphic - Stroke","hd":false},{"ty":"fl","c":{"a":0,"k":[0.992156863213,0.603921592236,0.207843139768,1],"ix":4},"o":{"a":0,"k":100,"ix":5},"r":1,"bm":0,"nm":"Fill 1","mn":"ADBE Vector Graphic - Fill","hd":false},{"ty":"tr","p":{"a":0,"k":[391.054,824.98],"ix":2},"a":{"a":0,"k":[0,0],"ix":1},"s":{"a":0,"k":[100,100],"ix":3},"r":{"a":0,"k":0,"ix":6},"o":{"a":0,"k":100,"ix":7},"sk":{"a":0,"k":0,"ix":4},"sa":{"a":0,"k":0,"ix":5},"nm":"Transform"}],"nm":"Group 5","np":3,"cix":2,"bm":0,"ix":5,"mn":"ADBE Vector Group","hd":false},{"ty":"gr","it":[{"ind":0,"ty":"sh","ix":1,"ks":{"a":0,"k":{"i":[[0,0],[0,0],[0,0],[-8.152,-11.709],[-8.046,-10.247],[1.634,-6.536],[3.711,-5.048],[0.065,0.02],[13.25,24.49]],"o":[[0,0],[0,0],[0,0],[4.386,6.299],[2.714,5.803],[-1.522,6.086],[-0.069,-0.012],[-18.638,-5.757],[0,0]],"v":[[-14.851,-45.922],[10.999,-31.451],[11.057,-30.531],[13.737,-15.206],[37.61,11.067],[40.09,29.483],[31.433,45.922],[31.219,45.9],[-40.788,-4.806]],"c":true},"ix":2},"nm":"Path 1","mn":"ADBE Vector Shape - Group","hd":false},{"ty":"st","c":{"a":0,"k":[0.137254908681,0.121568627656,0.1254902035,1],"ix":3},"o":{"a":0,"k":100,"ix":4},"w":{"a":0,"k":2,"ix":5},"lc":1,"lj":1,"ml":10,"bm":0,"nm":"Stroke 1","mn":"ADBE Vector Graphic - Stroke","hd":false},{"ty":"fl","c":{"a":0,"k":[0.20000000298,0.796078443527,0.596078455448,1],"ix":4},"o":{"a":0,"k":100,"ix":5},"r":1,"bm":0,"nm":"Fill 1","mn":"ADBE Vector Graphic - Fill","hd":false},{"ty":"tr","p":{"a":0,"k":[380.338,830.064],"ix":2},"a":{"a":0,"k":[0,0],"ix":1},"s":{"a":0,"k":[100,100],"ix":3},"r":{"a":0,"k":0,"ix":6},"o":{"a":0,"k":100,"ix":7},"sk":{"a":0,"k":0,"ix":4},"sa":{"a":0,"k":0,"ix":5},"nm":"Transform"}],"nm":"Group 6","np":3,"cix":2,"bm":0,"ix":6,"mn":"ADBE Vector Group","hd":false},{"ty":"gr","it":[{"ind":0,"ty":"sh","ix":1,"ks":{"a":0,"k":{"i":[[0,0],[0,0]],"o":[[0.894,0.844],[0,0]],"v":[[-10.431,-9.081],[10.431,9.081]],"c":false},"ix":2},"nm":"Path 1","mn":"ADBE Vector Shape - Group","hd":false},{"ty":"st","c":{"a":0,"k":[0.988235294819,0.360784322023,0.298039227724,1],"ix":3},"o":{"a":0,"k":100,"ix":4},"w":{"a":0,"k":2.894,"ix":5},"lc":1,"lj":1,"ml":10,"bm":0,"nm":"Stroke 1","mn":"ADBE Vector Graphic - Stroke","hd":false},{"ty":"tr","p":{"a":0,"k":[391.792,772.4],"ix":2},"a":{"a":0,"k":[0,0],"ix":1},"s":{"a":0,"k":[100,100],"ix":3},"r":{"a":0,"k":0,"ix":6},"o":{"a":0,"k":100,"ix":7},"sk":{"a":0,"k":0,"ix":4},"sa":{"a":0,"k":0,"ix":5},"nm":"Transform"}],"nm":"Group 7","np":2,"cix":2,"bm":0,"ix":7,"mn":"ADBE Vector Group","hd":false},{"ty":"gr","it":[{"ind":0,"ty":"sh","ix":1,"ks":{"a":0,"k":{"i":[[2.089,-0.765],[0,0],[-18.387,32.799],[0,0]],"o":[[0,0],[0,0],[0,0],[0,0]],"v":[[-4.247,-24.084],[-19.91,0.846],[8.873,11.938],[19.91,-6.005]],"c":true},"ix":2},"nm":"Path 1","mn":"ADBE Vector Shape - Group","hd":false},{"ty":"st","c":{"a":0,"k":[0,0,0,1],"ix":3},"o":{"a":0,"k":100,"ix":4},"w":{"a":0,"k":1.447,"ix":5},"lc":1,"lj":1,"ml":10,"bm":0,"nm":"Stroke 1","mn":"ADBE Vector Graphic - Stroke","hd":false},{"ty":"fl","c":{"a":0,"k":[1,1,1,1],"ix":4},"o":{"a":0,"k":100,"ix":5},"r":1,"bm":0,"nm":"Fill 1","mn":"ADBE Vector Graphic - Fill","hd":false},{"ty":"tr","p":{"a":0,"k":[388.495,779.727],"ix":2},"a":{"a":0,"k":[0,0],"ix":1},"s":{"a":0,"k":[100,100],"ix":3},"r":{"a":0,"k":0,"ix":6},"o":{"a":0,"k":100,"ix":7},"sk":{"a":0,"k":0,"ix":4},"sa":{"a":0,"k":0,"ix":5},"nm":"Transform"}],"nm":"Group 8","np":3,"cix":2,"bm":0,"ix":8,"mn":"ADBE Vector Group","hd":false}],"ip":0,"op":6,"st":0,"bm":0},{"ddd":0,"ind":3,"ty":4,"nm":"Layer 4","sr":1,"ks":{"o":{"a":0,"k":100,"ix":11},"r":{"a":1,"k":[{"t":0,"s":[99],"h":1},{"t":1,"s":[90],"h":1},{"t":2,"s":[54],"h":1},{"t":3,"s":[3],"h":1},{"t":4,"s":[-35],"h":1},{"t":5,"s":[-52],"h":1}],"ix":10},"p":{"a":1,"k":[{"t":0,"s":[206.463,402.553,0],"h":1},{"t":1,"s":[234.253,416.303,0],"h":1},{"t":2,"s":[262.5,433.303,0],"h":1},{"t":3,"s":[299.926,460.803,0],"h":1},{"t":4,"s":[349.176,489.803,0],"h":1},{"t":5,"s":[377.176,525.053,0],"h":1}],"ix":2},"a":{"a":0,"k":[378.765,789.367,0],"ix":1},"s":{"a":0,"k":[100,100,100],"ix":6}},"ao":0,"shapes":[{"ty":"gr","it":[{"ind":0,"ty":"sh","ix":1,"ks":{"a":0,"k":{"i":[[-3.178,-1.888],[0,0],[-1.888,3.178],[0,0],[3.178,1.888],[0,0],[1.888,-3.178],[0,0]],"o":[[0,0],[3.178,1.888],[0,0],[1.888,-3.178],[0,0],[-3.178,-1.888],[0,0],[-1.888,3.178]],"v":[[-14.07,-0.54],[7.203,12.098],[16.415,9.752],[16.415,9.752],[14.07,0.54],[-7.203,-12.098],[-16.415,-9.752],[-16.415,-9.752]],"c":true},"ix":2},"nm":"Path 1","mn":"ADBE Vector Shape - Group","hd":false},{"ty":"st","c":{"a":0,"k":[0.137254908681,0.121568627656,0.1254902035,1],"ix":3},"o":{"a":0,"k":100,"ix":4},"w":{"a":0,"k":2.5,"ix":5},"lc":1,"lj":1,"ml":10,"bm":0,"nm":"Stroke 1","mn":"ADBE Vector Graphic - Stroke","hd":false},{"ty":"fl","c":{"a":0,"k":[1,1,1,1],"ix":4},"o":{"a":0,"k":100,"ix":5},"r":1,"bm":0,"nm":"Fill 1","mn":"ADBE Vector Graphic - Fill","hd":false},{"ty":"tr","p":{"a":0,"k":[378.964,789.94],"ix":2},"a":{"a":0,"k":[0,0],"ix":1},"s":{"a":0,"k":[100,100],"ix":3},"r":{"a":0,"k":0,"ix":6},"o":{"a":0,"k":100,"ix":7},"sk":{"a":0,"k":0,"ix":4},"sa":{"a":0,"k":0,"ix":5},"nm":"Transform"}],"nm":"Group 1","np":3,"cix":2,"bm":0,"ix":1,"mn":"ADBE Vector Group","hd":false},{"ty":"gr","it":[{"ind":0,"ty":"sh","ix":1,"ks":{"a":0,"k":{"i":[[-4.416,-4.235],[-12.31,-7.309],[-9.196,-1.388],[1.984,-2.698],[0.065,0.02],[13.25,24.49],[0,0]],"o":[[10.355,9.93],[7.93,4.709],[-1.573,2.925],[-0.069,-0.012],[-18.638,-5.757],[0,0],[3.033,5.453]],"v":[[-21.329,-15.258],[13.012,10.205],[38.834,20.775],[33.387,29.175],[33.173,29.153],[-38.834,-21.553],[-34.026,-29.175]],"c":true},"ix":2},"nm":"Path 1","mn":"ADBE Vector Shape - Group","hd":false},{"ty":"st","c":{"a":0,"k":[0.137254908681,0.121568627656,0.1254902035,1],"ix":3},"o":{"a":0,"k":100,"ix":4},"w":{"a":0,"k":2,"ix":5},"lc":1,"lj":1,"ml":10,"bm":0,"nm":"Stroke 1","mn":"ADBE Vector Graphic - Stroke","hd":false},{"ty":"fl","c":{"a":0,"k":[0.40000000596,0.40000000596,0.392156869173,1],"ix":4},"o":{"a":0,"k":100,"ix":5},"r":1,"bm":0,"nm":"Fill 1","mn":"ADBE Vector Graphic - Fill","hd":false},{"ty":"tr","p":{"a":0,"k":[378.384,846.811],"ix":2},"a":{"a":0,"k":[0,0],"ix":1},"s":{"a":0,"k":[100,100],"ix":3},"r":{"a":0,"k":0,"ix":6},"o":{"a":0,"k":100,"ix":7},"sk":{"a":0,"k":0,"ix":4},"sa":{"a":0,"k":0,"ix":5},"nm":"Transform"}],"nm":"Group 2","np":3,"cix":2,"bm":0,"ix":2,"mn":"ADBE Vector Group","hd":false},{"ty":"gr","it":[{"ind":0,"ty":"sh","ix":1,"ks":{"a":0,"k":{"i":[[-4.271,3.661],[-5.876,0.681],[-4.855,-3.025],[-2.255,-3.11],[1.198,-4.79],[3.711,-5.048],[0.065,0.02],[15.408,10.555]],"o":[[4.452,-3.816],[5.662,-0.656],[3.144,1.959],[1.384,4.369],[-1.522,6.086],[-0.069,-0.012],[-10.427,-3.221],[3.542,-4.363]],"v":[[-14.88,-13.301],[0.728,-20.522],[16.701,-17.177],[24.952,-9.422],[25.58,4.278],[16.923,20.716],[16.709,20.694],[-26.275,-0.906]],"c":true},"ix":2},"nm":"Path 1","mn":"ADBE Vector Shape - Group","hd":false},{"ty":"st","c":{"a":0,"k":[0.137254908681,0.121568627656,0.1254902035,1],"ix":3},"o":{"a":0,"k":100,"ix":4},"w":{"a":0,"k":2.5,"ix":5},"lc":1,"lj":1,"ml":10,"bm":0,"nm":"Stroke 1","mn":"ADBE Vector Graphic - Stroke","hd":false},{"ty":"fl","c":{"a":0,"k":[1,1,1,1],"ix":4},"o":{"a":0,"k":100,"ix":5},"r":1,"bm":0,"nm":"Fill 1","mn":"ADBE Vector Graphic - Fill","hd":false},{"ty":"tr","p":{"a":0,"k":[394.848,855.269],"ix":2},"a":{"a":0,"k":[0,0],"ix":1},"s":{"a":0,"k":[100,100],"ix":3},"r":{"a":0,"k":0,"ix":6},"o":{"a":0,"k":100,"ix":7},"sk":{"a":0,"k":0,"ix":4},"sa":{"a":0,"k":0,"ix":5},"nm":"Transform"}],"nm":"Group 3","np":3,"cix":2,"bm":0,"ix":3,"mn":"ADBE Vector Group","hd":false},{"ty":"gr","it":[{"ind":0,"ty":"sh","ix":1,"ks":{"a":0,"k":{"i":[[3.4,-1.099],[-0.103,8.536],[-7.527,-1.286],[-1.067,-1.829]],"o":[[-4.653,1.62],[0.099,-8.314],[0.427,1.378],[-3.552,0.004]],"v":[[1.513,1.226],[-12.019,2.027],[9.809,-5.43],[12.02,-0.618]],"c":true},"ix":2},"nm":"Path 1","mn":"ADBE Vector Shape - Group","hd":false},{"ty":"st","c":{"a":0,"k":[0.137254908681,0.121568627656,0.1254902035,1],"ix":3},"o":{"a":0,"k":100,"ix":4},"w":{"a":0,"k":2,"ix":5},"lc":1,"lj":1,"ml":10,"bm":0,"nm":"Stroke 1","mn":"ADBE Vector Graphic - Stroke","hd":false},{"ty":"fl","c":{"a":0,"k":[0.992156863213,0.603921592236,0.207843139768,1],"ix":4},"o":{"a":0,"k":100,"ix":5},"r":1,"bm":0,"nm":"Fill 1","mn":"ADBE Vector Graphic - Fill","hd":false},{"ty":"tr","p":{"a":0,"k":[380.375,812.831],"ix":2},"a":{"a":0,"k":[0,0],"ix":1},"s":{"a":0,"k":[100,100],"ix":3},"r":{"a":0,"k":0,"ix":6},"o":{"a":0,"k":100,"ix":7},"sk":{"a":0,"k":0,"ix":4},"sa":{"a":0,"k":0,"ix":5},"nm":"Transform"}],"nm":"Group 4","np":3,"cix":2,"bm":0,"ix":4,"mn":"ADBE Vector Group","hd":false},{"ty":"gr","it":[{"ind":0,"ty":"sh","ix":1,"ks":{"a":0,"k":{"i":[[2.659,-0.178],[6.324,0.597],[-0.947,1.965],[-6.799,-0.198],[-3.063,-3.124]],"o":[[-10.347,1.007],[-2.342,-1.042],[3.572,-6.598],[2.231,2.543],[-2.55,-0.586]],"v":[[6.102,1.249],[-12.068,6.63],[-13.285,0.859],[5.797,-6.658],[13.942,1.898]],"c":true},"ix":2},"nm":"Path 1","mn":"ADBE Vector Shape - Group","hd":false},{"ty":"st","c":{"a":0,"k":[0.137254908681,0.121568627656,0.1254902035,1],"ix":3},"o":{"a":0,"k":100,"ix":4},"w":{"a":0,"k":2,"ix":5},"lc":1,"lj":1,"ml":10,"bm":0,"nm":"Stroke 1","mn":"ADBE Vector Graphic - Stroke","hd":false},{"ty":"fl","c":{"a":0,"k":[0.992156863213,0.603921592236,0.207843139768,1],"ix":4},"o":{"a":0,"k":100,"ix":5},"r":1,"bm":0,"nm":"Fill 1","mn":"ADBE Vector Graphic - Fill","hd":false},{"ty":"tr","p":{"a":0,"k":[391.054,824.98],"ix":2},"a":{"a":0,"k":[0,0],"ix":1},"s":{"a":0,"k":[100,100],"ix":3},"r":{"a":0,"k":0,"ix":6},"o":{"a":0,"k":100,"ix":7},"sk":{"a":0,"k":0,"ix":4},"sa":{"a":0,"k":0,"ix":5},"nm":"Transform"}],"nm":"Group 5","np":3,"cix":2,"bm":0,"ix":5,"mn":"ADBE Vector Group","hd":false},{"ty":"gr","it":[{"ind":0,"ty":"sh","ix":1,"ks":{"a":0,"k":{"i":[[0,0],[0,0],[0,0],[-8.152,-11.709],[-8.046,-10.247],[1.634,-6.536],[3.711,-5.048],[0.065,0.02],[13.25,24.49]],"o":[[0,0],[0,0],[0,0],[4.386,6.299],[2.714,5.803],[-1.522,6.086],[-0.069,-0.012],[-18.638,-5.757],[0,0]],"v":[[-14.851,-45.922],[10.999,-31.451],[11.057,-30.531],[13.737,-15.206],[37.61,11.067],[40.09,29.483],[31.433,45.922],[31.219,45.9],[-40.788,-4.806]],"c":true},"ix":2},"nm":"Path 1","mn":"ADBE Vector Shape - Group","hd":false},{"ty":"st","c":{"a":0,"k":[0.137254908681,0.121568627656,0.1254902035,1],"ix":3},"o":{"a":0,"k":100,"ix":4},"w":{"a":0,"k":2,"ix":5},"lc":1,"lj":1,"ml":10,"bm":0,"nm":"Stroke 1","mn":"ADBE Vector Graphic - Stroke","hd":false},{"ty":"fl","c":{"a":0,"k":[0.20000000298,0.796078443527,0.596078455448,1],"ix":4},"o":{"a":0,"k":100,"ix":5},"r":1,"bm":0,"nm":"Fill 1","mn":"ADBE Vector Graphic - Fill","hd":false},{"ty":"tr","p":{"a":0,"k":[380.338,830.064],"ix":2},"a":{"a":0,"k":[0,0],"ix":1},"s":{"a":0,"k":[100,100],"ix":3},"r":{"a":0,"k":0,"ix":6},"o":{"a":0,"k":100,"ix":7},"sk":{"a":0,"k":0,"ix":4},"sa":{"a":0,"k":0,"ix":5},"nm":"Transform"}],"nm":"Group 6","np":3,"cix":2,"bm":0,"ix":6,"mn":"ADBE Vector Group","hd":false},{"ty":"gr","it":[{"ind":0,"ty":"sh","ix":1,"ks":{"a":0,"k":{"i":[[0,0],[0,0]],"o":[[0.894,0.844],[0,0]],"v":[[-10.431,-9.081],[10.431,9.081]],"c":false},"ix":2},"nm":"Path 1","mn":"ADBE Vector Shape - Group","hd":false},{"ty":"st","c":{"a":0,"k":[0.988235294819,0.360784322023,0.298039227724,1],"ix":3},"o":{"a":0,"k":100,"ix":4},"w":{"a":0,"k":2.894,"ix":5},"lc":1,"lj":1,"ml":10,"bm":0,"nm":"Stroke 1","mn":"ADBE Vector Graphic - Stroke","hd":false},{"ty":"tr","p":{"a":0,"k":[391.792,772.4],"ix":2},"a":{"a":0,"k":[0,0],"ix":1},"s":{"a":0,"k":[100,100],"ix":3},"r":{"a":0,"k":0,"ix":6},"o":{"a":0,"k":100,"ix":7},"sk":{"a":0,"k":0,"ix":4},"sa":{"a":0,"k":0,"ix":5},"nm":"Transform"}],"nm":"Group 7","np":2,"cix":2,"bm":0,"ix":7,"mn":"ADBE Vector Group","hd":false},{"ty":"gr","it":[{"ind":0,"ty":"sh","ix":1,"ks":{"a":0,"k":{"i":[[2.089,-0.765],[0,0],[-18.387,32.799],[0,0]],"o":[[0,0],[0,0],[0,0],[0,0]],"v":[[-4.247,-24.084],[-19.91,0.846],[8.873,11.938],[19.91,-6.005]],"c":true},"ix":2},"nm":"Path 1","mn":"ADBE Vector Shape - Group","hd":false},{"ty":"st","c":{"a":0,"k":[0,0,0,1],"ix":3},"o":{"a":0,"k":100,"ix":4},"w":{"a":0,"k":1.447,"ix":5},"lc":1,"lj":1,"ml":10,"bm":0,"nm":"Stroke 1","mn":"ADBE Vector Graphic - Stroke","hd":false},{"ty":"fl","c":{"a":0,"k":[1,1,1,1],"ix":4},"o":{"a":0,"k":100,"ix":5},"r":1,"bm":0,"nm":"Fill 1","mn":"ADBE Vector Graphic - Fill","hd":false},{"ty":"tr","p":{"a":0,"k":[388.495,779.727],"ix":2},"a":{"a":0,"k":[0,0],"ix":1},"s":{"a":0,"k":[100,100],"ix":3},"r":{"a":0,"k":0,"ix":6},"o":{"a":0,"k":100,"ix":7},"sk":{"a":0,"k":0,"ix":4},"sa":{"a":0,"k":0,"ix":5},"nm":"Transform"}],"nm":"Group 8","np":3,"cix":2,"bm":0,"ix":8,"mn":"ADBE Vector Group","hd":false}],"ip":0,"op":6,"st":0,"bm":0},{"ddd":0,"ind":4,"ty":4,"nm":"Layer 3","sr":1,"ks":{"o":{"a":0,"k":100,"ix":11},"r":{"a":0,"k":0,"ix":10},"p":{"a":0,"k":[351.416,476.059,0],"ix":2},"a":{"a":0,"k":[0,0,0],"ix":1},"s":{"a":0,"k":[100,100,100],"ix":6}},"ao":0,"shapes":[{"ty":"gr","it":[{"ind":0,"ty":"sh","ix":1,"ks":{"a":1,"k":[{"t":0,"s":[{"i":[[-0.781,-18.809],[0.412,-15.353],[39.059,31.441]],"o":[[1.265,30.441],[-0.232,8.668],[-15.169,-12.21]],"v":[[-75.181,-95],[-74.328,-19.706],[-142.975,-67.5]],"c":false}],"h":1},{"t":1,"s":[{"i":[[-7.852,-17.11],[-4.464,-14.695],[45.059,23.941]],"o":[[16.265,35.441],[1.412,4.647],[-17.196,-9.137]],"v":[[-74.681,-100],[-38.328,-19.206],[-108.975,-52]],"c":false}],"h":1},{"t":2,"s":[{"i":[[-14.869,-11.546],[-6.616,-13.86],[46.059,-4.059]],"o":[[32.765,25.441],[3.412,7.147],[-19.398,1.709]],"v":[[-70.181,-108],[-9.828,-50.706],[-79.975,-41]],"c":false}],"h":1},{"t":3,"s":[{"i":[[-17.807,-6.109],[-7.088,-11.353],[25.559,-37.559]],"o":[[36.265,12.441],[2.661,4.262],[-10.955,16.099]],"v":[[-70.681,-114],[-8.328,-84.206],[-48.475,-17]],"c":false}],"h":1},{"t":4,"s":[{"i":[[-17.519,-6.89],[-6.332,-11.792],[-2.441,-48.559]],"o":[[39.265,15.441],[4.912,9.147],[0.978,19.448]],"v":[[-69.181,-116.5],[-5.328,-84.206],[-0.475,9]],"c":false}],"h":1},{"t":5,"s":[{"i":[[-15.537,-10.629],[-6.332,-11.792],[-15.441,-56.059]],"o":[[34.265,23.441],[4.912,9.147],[5.171,18.774]],"v":[[-70.181,-108],[-7.328,-57.206],[20.525,32.5]],"c":false}],"h":1}],"ix":2},"nm":"Path 1","mn":"ADBE Vector Shape - Group","hd":false},{"ty":"st","c":{"a":0,"k":[1,0.796078431373,0.6,1],"ix":3},"o":{"a":0,"k":100,"ix":4},"w":{"a":0,"k":28,"ix":5},"lc":2,"lj":2,"bm":0,"nm":"Stroke 1","mn":"ADBE Vector Graphic - Stroke","hd":false},{"ty":"st","c":{"a":0,"k":[0,0,0,1],"ix":3},"o":{"a":0,"k":100,"ix":4},"w":{"a":0,"k":31,"ix":5},"lc":2,"lj":2,"bm":0,"nm":"Stroke 2","mn":"ADBE Vector Graphic - Stroke","hd":false},{"ty":"tr","p":{"a":0,"k":[0,0],"ix":2},"a":{"a":0,"k":[0,0],"ix":1},"s":{"a":0,"k":[100,100],"ix":3},"r":{"a":0,"k":0,"ix":6},"o":{"a":0,"k":100,"ix":7},"sk":{"a":0,"k":0,"ix":4},"sa":{"a":0,"k":0,"ix":5},"nm":"Transform"}],"nm":"Group 1","np":3,"cix":2,"bm":0,"ix":1,"mn":"ADBE Vector Group","hd":false}],"ip":0,"op":6,"st":0,"bm":0},{"ddd":0,"ind":5,"ty":4,"nm":"Layer 2","sr":1,"ks":{"o":{"a":0,"k":100,"ix":11},"r":{"a":0,"k":0,"ix":10},"p":{"a":0,"k":[286.795,370.868,0],"ix":2},"a":{"a":0,"k":[0,0,0],"ix":1},"s":{"a":0,"k":[72.966,72.966,100],"ix":6}},"ao":0,"shapes":[{"ty":"gr","it":[{"ind":0,"ty":"sh","ix":1,"ks":{"a":1,"k":[{"t":0,"s":[{"i":[[0,0],[-8.683,-6.129],[0,0],[0,0],[-19.409,-10.896]],"o":[[0,0],[0,0],[0,0],[0,0],[0,0]],"v":[[10.332,29.904],[64.877,30.405],[49.933,-27.085],[-59.184,-28.073],[-19.471,28.456]],"c":true}],"h":1},{"t":1,"s":[{"i":[[0,0],[-18.341,-8.981],[0,0],[0,0],[-19.409,-10.896]],"o":[[0,0],[0,0],[0,0],[0,0],[0,0]],"v":[[9.304,23.737],[63.849,35.887],[59.869,-26.942],[-59.184,-28.073],[-19.471,28.456]],"c":true}],"h":1},{"t":2,"s":[{"i":[[0,0],[-24.851,-6.925],[0,0],[0,0],[-19.409,-10.896]],"o":[[0,0],[0,0],[0,0],[0,0],[0,0]],"v":[[3.822,23.052],[51.172,26.293],[59.869,-26.942],[-59.184,-28.073],[-22.212,29.141]],"c":true}],"h":1},{"t":3,"s":[{"i":[[-18.616,-7.74],[-30.675,-13.037],[0,0],[0,0],[-19.992,-39.526]],"o":[[2.284,-8.425],[0,0],[0,0],[0,0],[0,0]],"v":[[5.193,44.924],[34.04,15.616],[57.814,-26.997],[-61.24,-28.128],[-59.558,44.504]],"c":true}],"h":1},{"t":4,"s":[{"i":[[-22.728,-8.425],[-30.675,-13.037],[0,0],[0,0],[-18.622,-54.944]],"o":[[2.284,-8.425],[0,0],[0,0],[0,0],[0,0]],"v":[[-9.883,50.749],[34.04,15.616],[56.101,-28.025],[-61.24,-28.128],[-70.522,46.217]],"c":true}],"h":1},{"t":5,"s":[{"i":[[-30.266,-2.6],[-17.313,14.374],[0,0],[0,0],[-21.705,-57]],"o":[[5.025,-28.982],[0,0],[0,0],[0,0],[0,0]],"v":[[6.906,52.805],[31.299,14.931],[48.648,-28.025],[-61.24,-28.128],[-54.419,50.328]],"c":true}],"h":1}],"ix":2},"nm":"Path 1","mn":"ADBE Vector Shape - Group","hd":false},{"ty":"st","c":{"a":0,"k":[0,0,0,1],"ix":3},"o":{"a":0,"k":100,"ix":4},"w":{"a":0,"k":1.447,"ix":5},"lc":1,"lj":1,"ml":10,"bm":0,"nm":"Stroke 1","mn":"ADBE Vector Graphic - Stroke","hd":false},{"ty":"fl","c":{"a":0,"k":[0.40000000596,0.40000000596,0.392156869173,1],"ix":4},"o":{"a":0,"k":100,"ix":5},"r":1,"bm":0,"nm":"Fill 1","mn":"ADBE Vector Graphic - Fill","hd":false},{"ty":"tr","p":{"a":0,"k":[0,0],"ix":2},"a":{"a":0,"k":[0,0],"ix":1},"s":{"a":0,"k":[100,100],"ix":3},"r":{"a":0,"k":0,"ix":6},"o":{"a":0,"k":100,"ix":7},"sk":{"a":0,"k":0,"ix":4},"sa":{"a":0,"k":0,"ix":5},"nm":"Transform"}],"nm":"Group 1","np":3,"cix":2,"bm":0,"ix":1,"mn":"ADBE Vector Group","hd":false}],"ip":0,"op":6,"st":0,"bm":0},{"ddd":0,"ind":6,"ty":4,"nm":"Layer 1","sr":1,"ks":{"o":{"a":0,"k":100,"ix":11},"r":{"a":0,"k":0,"ix":10},"p":{"a":0,"k":[351.416,476.059,0],"ix":2},"a":{"a":0,"k":[0,0,0],"ix":1},"s":{"a":0,"k":[100,100,100],"ix":6}},"ao":0,"shapes":[{"ty":"gr","it":[{"ind":0,"ty":"sh","ix":1,"ks":{"a":1,"k":[{"t":0,"s":[{"i":[[-9.786,-16.082],[-6.588,-15.353],[4.559,-48.559]],"o":[[14.265,23.441],[7.101,16.548],[-1.82,19.387]],"v":[[-56.181,-101.5],[-22.828,-41.206],[-21.475,51.5]],"c":false}],"h":1},{"t":1,"s":[{"i":[[-2.766,-18.621],[1.412,-9.853],[17.059,-47.559]],"o":[[5.265,35.441],[-1.664,11.614],[-6.575,18.329]],"v":[[-40.181,-94.5],[-40.328,-20.206],[-74.475,67]],"c":false}],"h":1},{"t":2,"s":[{"i":[[-0.781,-18.809],[1.893,-7.785],[26.559,-41.559]],"o":[[1.265,30.441],[-2.588,10.647],[-10.486,16.408]],"v":[[-65.181,-99.5],[-70.328,-16.706],[-112.975,57]],"c":false}],"h":1},{"t":3,"s":[{"i":[[4.267,-18.335],[4.4,-7.909],[33.059,-39.559]],"o":[[-6.735,28.941],[-5.088,9.147],[-12.487,14.942]],"v":[[-73.681,-108],[-103.828,-34.706],[-163.475,39.5]],"c":false}],"h":1},{"t":4,"s":[{"i":[[6.614,-17.625],[6.91,-5.845],[48.059,-18.059]],"o":[[-11.235,29.941],[-12.588,10.647],[-18.228,6.85]],"v":[[-75.181,-120],[-106.828,-48.706],[-188.475,-14]],"c":false}],"h":1},{"t":5,"s":[{"i":[[5.039,-18.138],[9.04,-0.447],[38.059,13.441]],"o":[[-8.735,31.441],[-13.088,0.647],[-18.361,-6.485]],"v":[[-70.181,-111],[-103.828,-27.706],[-174.475,-49.5]],"c":false}],"h":1}],"ix":2},"nm":"Path 1","mn":"ADBE Vector Shape - Group","hd":false},{"ty":"st","c":{"a":0,"k":[1,0.796078431373,0.6,1],"ix":3},"o":{"a":0,"k":100,"ix":4},"w":{"a":0,"k":28,"ix":5},"lc":2,"lj":2,"bm":0,"nm":"Stroke 1","mn":"ADBE Vector Graphic - Stroke","hd":false},{"ty":"st","c":{"a":0,"k":[0,0,0,1],"ix":3},"o":{"a":0,"k":100,"ix":4},"w":{"a":0,"k":31,"ix":5},"lc":2,"lj":2,"bm":0,"nm":"Stroke 2","mn":"ADBE Vector Graphic - Stroke","hd":false},{"ty":"tr","p":{"a":0,"k":[0,0],"ix":2},"a":{"a":0,"k":[0,0],"ix":1},"s":{"a":0,"k":[100,100],"ix":3},"r":{"a":0,"k":0,"ix":6},"o":{"a":0,"k":100,"ix":7},"sk":{"a":0,"k":0,"ix":4},"sa":{"a":0,"k":0,"ix":5},"nm":"Transform"}],"nm":"Group 1","np":3,"cix":2,"bm":0,"ix":1,"mn":"ADBE Vector Group","hd":false}],"ip":0,"op":6,"st":0,"bm":0}]}],"layers":[{"ddd":0,"ind":1,"ty":4,"nm":"Layer 11","parent":2,"sr":1,"ks":{"o":{"a":0,"k":100,"ix":11},"r":{"a":0,"k":0,"ix":10},"p":{"a":0,"k":[435.774,146.782,0],"ix":2},"a":{"a":0,"k":[434.924,146.674,0],"ix":1},"s":{"a":0,"k":[100,100,100],"ix":6}},"ao":0,"shapes":[{"ty":"gr","it":[{"ind":0,"ty":"sh","ix":1,"ks":{"a":0,"k":{"i":[[0,0],[-0.511,-5.618],[-1.022,7.917],[2.809,-5.618],[-1.532,5.363],[4.341,-3.065],[-5.618,11.747]],"o":[[1.022,0.511],[0,0],[0,0],[0,0],[0,0],[0,0],[0,0]],"v":[[-23.623,-7.625],[-12.641,2.591],[-5.491,-7.114],[0.383,5.655],[12.131,-6.092],[11.364,7.443],[23.623,-2.006]],"c":true},"ix":2},"nm":"Path 1","mn":"ADBE Vector Shape - Group","hd":false},{"ty":"fl","c":{"a":0,"k":[0.992156863213,0.603921592236,0.207843139768,1],"ix":4},"o":{"a":0,"k":100,"ix":5},"r":1,"bm":0,"nm":"Fill 1","mn":"ADBE Vector Graphic - Fill","hd":false},{"ty":"tr","p":{"a":1,"k":[{"i":{"x":0.833,"y":0.833},"o":{"x":0.167,"y":0.167},"t":0,"s":[452.896,166.001],"to":[0,0],"ti":[0,0]},{"i":{"x":0.833,"y":0.833},"o":{"x":0.167,"y":0.167},"t":3,"s":[452.885,166.664],"to":[0,0],"ti":[0,0]},{"i":{"x":0.833,"y":0.833},"o":{"x":0.167,"y":0.167},"t":6,"s":[452.896,166.001],"to":[0,0],"ti":[0,0]},{"i":{"x":0.833,"y":0.833},"o":{"x":0.167,"y":0.167},"t":9,"s":[452.885,166.664],"to":[0,0],"ti":[0,0]},{"t":12,"s":[452.896,166.001]}],"ix":2},"a":{"a":0,"k":[0,0],"ix":1},"s":{"a":0,"k":[100,100],"ix":3},"r":{"a":0,"k":0,"ix":6},"o":{"a":0,"k":100,"ix":7},"sk":{"a":0,"k":0,"ix":4},"sa":{"a":0,"k":0,"ix":5},"nm":"Transform"}],"nm":"Group 1","np":2,"cix":2,"bm":0,"ix":1,"mn":"ADBE Vector Group","hd":false},{"ty":"gr","it":[{"ind":0,"ty":"sh","ix":1,"ks":{"a":0,"k":{"i":[[2.724,1.532],[-9.619,-9.619],[0,0],[8.257,8.257]],"o":[[0,0],[0,0],[0,0],[0,0]],"v":[[-48.834,-11.237],[-46.621,11.237],[47.423,9.13],[48.04,-7.151]],"c":true},"ix":2},"nm":"Path 1","mn":"ADBE Vector Shape - Group","hd":false},{"ty":"st","c":{"a":0,"k":[0,0,0,1],"ix":3},"o":{"a":0,"k":100,"ix":4},"w":{"a":0,"k":1.447,"ix":5},"lc":1,"lj":1,"ml":10,"bm":0,"nm":"Stroke 1","mn":"ADBE Vector Graphic - Stroke","hd":false},{"ty":"fl","c":{"a":0,"k":[0.176470592618,0.701960802078,0.525490224361,1],"ix":4},"o":{"a":0,"k":100,"ix":5},"r":1,"bm":0,"nm":"Fill 1","mn":"ADBE Vector Graphic - Fill","hd":false},{"ty":"tr","p":{"a":0,"k":[427.542,172.507],"ix":2},"a":{"a":0,"k":[0,0],"ix":1},"s":{"a":0,"k":[100,100],"ix":3},"r":{"a":0,"k":0,"ix":6},"o":{"a":0,"k":100,"ix":7},"sk":{"a":0,"k":0,"ix":4},"sa":{"a":0,"k":0,"ix":5},"nm":"Transform"}],"nm":"Group 2","np":3,"cix":2,"bm":0,"ix":2,"mn":"ADBE Vector Group","hd":false},{"ty":"gr","it":[{"ind":0,"ty":"sh","ix":1,"ks":{"a":0,"k":{"i":[[0,0],[0,0],[0,0],[-6.129,14.642],[9.874,27.921],[-0.201,-0.121],[-1.006,-0.954],[-0.091,-3.668],[-0.134,-0.476],[-0.922,1.099],[-0.358,4.099],[0.653,1.823],[0.435,1.907],[-0.361,-0.284],[-0.772,-0.936],[-1.437,-2.317],[-0.852,-3.951],[-0.281,-0.376],[-1.401,1.414],[-0.03,0.47],[-0.282,-0.635],[-0.34,-0.951],[-0.303,-2.483],[4.765,-3.923],[1.592,-4.393]],"o":[[0,0],[0,0],[0,0],[6.129,-14.642],[0.076,0.215],[1.188,0.714],[2.627,2.491],[0.012,0.494],[0.926,3.282],[2.611,-3.112],[0.168,-1.925],[-0.657,-1.834],[0.132,0.461],[0.954,0.749],[1.732,2.101],[2.152,3.47],[0.099,0.458],[2.103,2.816],[0.331,-0.334],[-0.037,0.59],[0.41,0.923],[0.842,2.353],[0.725,5.942],[-3.607,2.97],[0,0]],"v":[[45.213,20.534],[40.573,33.729],[-54.428,35.729],[-57.152,13.298],[12.992,-25.86],[14.417,-25.09],[17.73,-22.578],[22.198,-13.13],[22.328,-11.656],[27.928,-13.847],[32.769,-24.812],[32.072,-30.537],[29.486,-35.729],[31.323,-34.64],[33.82,-31.749],[38.66,-25.172],[42.576,-14.446],[43.061,-13.138],[54.219,-18.75],[54.922,-19.938],[56.233,-17.279],[57.358,-14.466],[59.141,-7.191],[53.598,8.651],[45.498,19.747]],"c":true},"ix":2},"nm":"Path 1","mn":"ADBE Vector Shape - Group","hd":false},{"ty":"st","c":{"a":0,"k":[0,0,0,1],"ix":3},"o":{"a":0,"k":100,"ix":4},"w":{"a":0,"k":1.447,"ix":5},"lc":1,"lj":1,"ml":10,"bm":0,"nm":"Stroke 1","mn":"ADBE Vector Graphic - Stroke","hd":false},{"ty":"fl","c":{"a":0,"k":[0.992156863213,0.603921592236,0.207843139768,1],"ix":4},"o":{"a":0,"k":100,"ix":5},"r":1,"bm":0,"nm":"Fill 1","mn":"ADBE Vector Graphic - Fill","hd":false},{"ty":"tr","p":{"a":0,"k":[377.659,160.26],"ix":2},"a":{"a":0,"k":[-56.945,14.258],"ix":1},"s":{"a":0,"k":[100,100],"ix":3},"r":{"a":1,"k":[{"i":{"x":[0.833],"y":[0.833]},"o":{"x":[0.167],"y":[0.167]},"t":0,"s":[1]},{"i":{"x":[0.833],"y":[0.833]},"o":{"x":[0.167],"y":[0.167]},"t":3,"s":[-3]},{"i":{"x":[0.833],"y":[0.833]},"o":{"x":[0.167],"y":[0.167]},"t":6,"s":[1]},{"i":{"x":[0.833],"y":[0.833]},"o":{"x":[0.167],"y":[0.167]},"t":9,"s":[-3]},{"t":12,"s":[1]}],"ix":6},"o":{"a":0,"k":100,"ix":7},"sk":{"a":0,"k":0,"ix":4},"sa":{"a":0,"k":0,"ix":5},"nm":"Transform"}],"nm":"Group 3","np":3,"cix":2,"bm":0,"ix":3,"mn":"ADBE Vector Group","hd":false}],"ip":0,"op":167,"st":0,"bm":0},{"ddd":0,"ind":2,"ty":4,"nm":"Layer 9","parent":5,"sr":1,"ks":{"o":{"a":0,"k":100,"ix":11},"r":{"a":1,"k":[{"i":{"x":[0.833],"y":[0.833]},"o":{"x":[0.167],"y":[0.167]},"t":0,"s":[-1]},{"i":{"x":[0.833],"y":[0.833]},"o":{"x":[0.167],"y":[0.167]},"t":3,"s":[1]},{"i":{"x":[0.833],"y":[0.833]},"o":{"x":[0.167],"y":[0.167]},"t":6,"s":[-1]},{"i":{"x":[0.833],"y":[0.833]},"o":{"x":[0.167],"y":[0.167]},"t":9,"s":[1]},{"t":12,"s":[-1]}],"ix":10},"p":{"a":1,"k":[{"i":{"x":0.833,"y":0.833},"o":{"x":0.167,"y":0.167},"t":0,"s":[425.603,326.809,0],"to":[0,0,0],"ti":[0,0,0]},{"i":{"x":0.833,"y":0.833},"o":{"x":0.167,"y":0.167},"t":3,"s":[424.94,325.483,0],"to":[0,0,0],"ti":[0,0,0]},{"i":{"x":0.833,"y":0.833},"o":{"x":0.167,"y":0.167},"t":6,"s":[425.603,326.809,0],"to":[0,0,0],"ti":[0,0,0]},{"i":{"x":0.833,"y":0.833},"o":{"x":0.167,"y":0.167},"t":9,"s":[424.94,325.483,0],"to":[0,0,0],"ti":[0,0,0]},{"t":12,"s":[425.603,326.809,0]}],"ix":2},"a":{"a":0,"k":[425.09,325.139,0],"ix":1},"s":{"a":0,"k":[100,100,100],"ix":6}},"ao":0,"shapes":[{"ty":"gr","it":[{"ind":0,"ty":"sh","ix":1,"ks":{"a":0,"k":{"i":[[0,0],[2.947,-1.142],[0.198,-2.635],[-1.912,-1.496],[-3.83,2.102]],"o":[[-2.767,-1.51],[-2.299,0.891],[-0.184,2.441],[3.637,2.847],[0,0]],"v":[[6.226,-5.888],[-2.822,-6.516],[-7.825,-1.125],[-4.893,5.295],[7.844,5.433]],"c":false},"ix":2},"nm":"Path 1","mn":"ADBE Vector Shape - Group","hd":false},{"ty":"st","c":{"a":0,"k":[0,0,0,1],"ix":3},"o":{"a":0,"k":100,"ix":4},"w":{"a":0,"k":1.447,"ix":5},"lc":2,"lj":2,"bm":0,"nm":"Stroke 1","mn":"ADBE Vector Graphic - Stroke","hd":false},{"ty":"fl","c":{"a":0,"k":[1,0.75686275959,0.674509823322,1],"ix":4},"o":{"a":0,"k":100,"ix":5},"r":1,"bm":0,"nm":"Fill 1","mn":"ADBE Vector Graphic - Fill","hd":false},{"ty":"tr","p":{"a":0,"k":[382.527,237.09],"ix":2},"a":{"a":0,"k":[0,0],"ix":1},"s":{"a":0,"k":[100,100],"ix":3},"r":{"a":0,"k":0,"ix":6},"o":{"a":0,"k":100,"ix":7},"sk":{"a":0,"k":0,"ix":4},"sa":{"a":0,"k":0,"ix":5},"nm":"Transform"}],"nm":"Group 1","np":3,"cix":2,"bm":0,"ix":1,"mn":"ADBE Vector Group","hd":false},{"ty":"gr","it":[{"ind":0,"ty":"sh","ix":1,"ks":{"a":0,"k":{"i":[[0,0],[-0.34,-2.043],[10.556,-6.129],[0,0],[0,0]],"o":[[0,0],[0.34,2.043],[0,0],[0,0],[0,0]],"v":[[4.042,-24.431],[7.107,-20.005],[-1.236,24.516],[-3.789,24.346],[-7.45,-24.516]],"c":true},"ix":2},"nm":"Path 1","mn":"ADBE Vector Shape - Group","hd":false},{"ty":"st","c":{"a":0,"k":[0,0,0,1],"ix":3},"o":{"a":0,"k":100,"ix":4},"w":{"a":0,"k":1.447,"ix":5},"lc":1,"lj":1,"ml":10,"bm":0,"nm":"Stroke 1","mn":"ADBE Vector Graphic - Stroke","hd":false},{"ty":"fl","c":{"a":0,"k":[0.992156863213,0.603921592236,0.207843139768,1],"ix":4},"o":{"a":0,"k":100,"ix":5},"r":1,"bm":0,"nm":"Fill 1","mn":"ADBE Vector Graphic - Fill","hd":false},{"ty":"tr","p":{"a":0,"k":[388.372,208.26],"ix":2},"a":{"a":0,"k":[0,0],"ix":1},"s":{"a":0,"k":[100,100],"ix":3},"r":{"a":0,"k":0,"ix":6},"o":{"a":0,"k":100,"ix":7},"sk":{"a":0,"k":0,"ix":4},"sa":{"a":0,"k":0,"ix":5},"nm":"Transform"}],"nm":"Group 2","np":3,"cix":2,"bm":0,"ix":2,"mn":"ADBE Vector Group","hd":false},{"ty":"gr","it":[{"ind":0,"ty":"sh","ix":1,"ks":{"a":0,"k":{"i":[[0.777,3.622],[0.009,-0.069],[-20.407,-5.065],[6.384,6.384]],"o":[[-0.015,-0.068],[-0.61,4.504],[11.833,2.937],[-6.069,-6.069]],"v":[[-10.724,-23.609],[-10.841,-23.603],[4.544,23.283],[4.885,4.768]],"c":true},"ix":2},"nm":"Path 1","mn":"ADBE Vector Shape - Group","hd":false},{"ty":"st","c":{"a":0,"k":[0,0,0,1],"ix":3},"o":{"a":0,"k":100,"ix":4},"w":{"a":0,"k":1.447,"ix":5},"lc":2,"lj":2,"bm":0,"nm":"Stroke 1","mn":"ADBE Vector Graphic - Stroke","hd":false},{"ty":"fl","c":{"a":0,"k":[1,0.600000023842,0.207843139768,1],"ix":4},"o":{"a":0,"k":100,"ix":5},"r":1,"bm":0,"nm":"Fill 1","mn":"ADBE Vector Graphic - Fill","hd":false},{"ty":"tr","p":{"a":0,"k":[437.91,221.866],"ix":2},"a":{"a":0,"k":[-10.846,-23.02],"ix":1},"s":{"a":0,"k":[100,100],"ix":3},"r":{"a":1,"k":[{"i":{"x":[0.833],"y":[0.833]},"o":{"x":[0.167],"y":[0.167]},"t":0,"s":[2]},{"i":{"x":[0.833],"y":[0.833]},"o":{"x":[0.167],"y":[0.167]},"t":3,"s":[-1]},{"i":{"x":[0.833],"y":[0.833]},"o":{"x":[0.167],"y":[0.167]},"t":6,"s":[2]},{"i":{"x":[0.833],"y":[0.833]},"o":{"x":[0.167],"y":[0.167]},"t":9,"s":[-1]},{"t":12,"s":[2]}],"ix":6},"o":{"a":0,"k":100,"ix":7},"sk":{"a":0,"k":0,"ix":4},"sa":{"a":0,"k":0,"ix":5},"nm":"Transform"}],"nm":"Group 3","np":3,"cix":2,"bm":0,"ix":3,"mn":"ADBE Vector Group","hd":false},{"ty":"gr","it":[{"ind":0,"ty":"sh","ix":1,"ks":{"a":0,"k":{"i":[[0,0],[-7.321,7.151]],"o":[[0,0],[0,0]],"v":[[-8.257,-0.425],[8.257,-1.787]],"c":false},"ix":2},"nm":"Path 1","mn":"ADBE Vector Shape - Group","hd":false},{"ty":"st","c":{"a":0,"k":[0,0,0,1],"ix":3},"o":{"a":0,"k":100,"ix":4},"w":{"a":0,"k":2.894,"ix":5},"lc":1,"lj":1,"ml":10,"bm":0,"nm":"Stroke 1","mn":"ADBE Vector Graphic - Stroke","hd":false},{"ty":"tr","p":{"a":0,"k":[455.939,217.687],"ix":2},"a":{"a":0,"k":[0,0],"ix":1},"s":{"a":0,"k":[100,100],"ix":3},"r":{"a":0,"k":0,"ix":6},"o":{"a":0,"k":100,"ix":7},"sk":{"a":0,"k":0,"ix":4},"sa":{"a":0,"k":0,"ix":5},"nm":"Transform"}],"nm":"Group 4","np":2,"cix":2,"bm":0,"ix":4,"mn":"ADBE Vector Group","hd":false},{"ty":"gr","it":[{"ind":0,"ty":"sh","ix":1,"ks":{"a":0,"k":{"i":[[0,0],[-14.301,7.151]],"o":[[0,0],[0,0]],"v":[[-9.704,-1.147],[9.704,-1.658]],"c":false},"ix":2},"nm":"Path 1","mn":"ADBE Vector Shape - Group","hd":false},{"ty":"st","c":{"a":0,"k":[0,0,0,1],"ix":3},"o":{"a":0,"k":100,"ix":4},"w":{"a":0,"k":2.894,"ix":5},"lc":1,"lj":1,"ml":10,"bm":0,"nm":"Stroke 1","mn":"ADBE Vector Graphic - Stroke","hd":false},{"ty":"tr","p":{"a":0,"k":[417.377,221.304],"ix":2},"a":{"a":0,"k":[0,0],"ix":1},"s":{"a":0,"k":[100,100],"ix":3},"r":{"a":0,"k":0,"ix":6},"o":{"a":0,"k":100,"ix":7},"sk":{"a":0,"k":0,"ix":4},"sa":{"a":0,"k":0,"ix":5},"nm":"Transform"}],"nm":"Group 5","np":2,"cix":2,"bm":0,"ix":5,"mn":"ADBE Vector Group","hd":false},{"ty":"gr","it":[{"ind":0,"ty":"sh","ix":1,"ks":{"a":0,"k":{"i":[[0,0],[0,0],[0,0],[0,0]],"o":[[0,0],[0,0],[0,0],[0,0]],"v":[[47.501,73.038],[47.501,-73.038],[-47.501,-71.038],[-36.945,73.038]],"c":false},"ix":2},"nm":"Path 1","mn":"ADBE Vector Shape - Group","hd":false},{"ty":"st","c":{"a":0,"k":[0,0,0,1],"ix":3},"o":{"a":0,"k":100,"ix":4},"w":{"a":0,"k":1.447,"ix":5},"lc":2,"lj":2,"bm":0,"nm":"Stroke 1","mn":"ADBE Vector Graphic - Stroke","hd":false},{"ty":"fl","c":{"a":0,"k":[1,0.796078443527,0.600000023842,1],"ix":4},"o":{"a":0,"k":100,"ix":5},"r":1,"bm":0,"nm":"Fill 1","mn":"ADBE Vector Graphic - Fill","hd":false},{"ty":"tr","p":{"a":0,"k":[427.997,252.1],"ix":2},"a":{"a":0,"k":[0,0],"ix":1},"s":{"a":0,"k":[100,100],"ix":3},"r":{"a":0,"k":0,"ix":6},"o":{"a":0,"k":100,"ix":7},"sk":{"a":0,"k":0,"ix":4},"sa":{"a":0,"k":0,"ix":5},"nm":"Transform"}],"nm":"Group 6","np":3,"cix":2,"bm":0,"ix":6,"mn":"ADBE Vector Group","hd":false}],"ip":0,"op":167,"st":0,"bm":0},{"ddd":0,"ind":3,"ty":4,"nm":"Layer 8","parent":5,"sr":1,"ks":{"o":{"a":0,"k":100,"ix":11},"r":{"a":1,"k":[{"i":{"x":[0.408],"y":[1]},"o":{"x":[0.558],"y":[0]},"t":0,"s":[12]},{"i":{"x":[0.408],"y":[1]},"o":{"x":[0.558],"y":[0]},"t":6,"s":[-60]},{"t":12,"s":[12]}],"ix":10},"p":{"a":1,"k":[{"i":{"x":0.833,"y":0.888},"o":{"x":0.58,"y":0},"t":0,"s":[371.593,322.839,0],"to":[-3.425,-0.568,0],"ti":[2.196,-0.169,0]},{"i":{"x":0.431,"y":1},"o":{"x":0.167,"y":0.322},"t":3,"s":[358.458,323.807,0],"to":[-4.167,0.32,0],"ti":[0.15,-1.397,0]},{"i":{"x":0.833,"y":0.579},"o":{"x":0.558,"y":0},"t":6,"s":[357.007,326.402,0],"to":[0.683,-2.757,0],"ti":[2.196,-0.169,0]},{"i":{"x":0.667,"y":1},"o":{"x":0.167,"y":0.104},"t":9,"s":[358.458,323.476,0],"to":[-4.167,0.32,0],"ti":[9.925,1.646,0]},{"t":12,"s":[371.593,322.839,0]}],"ix":2},"a":{"a":0,"k":[374.652,321.834,0],"ix":1},"s":{"a":0,"k":[101.049,101.049,100],"ix":6}},"ao":0,"shapes":[{"ty":"gr","it":[{"ind":0,"ty":"sh","ix":1,"ks":{"a":0,"k":{"i":[[9.194,3.575],[-2.213,0.511],[0.681,-4.086],[0,0]],"o":[[0,0],[2.213,-0.511],[0,0],[0,0]],"v":[[-16.523,12.872],[-4.946,-16.922],[16.506,-8.24],[7.312,16.958]],"c":true},"ix":2},"nm":"Path 1","mn":"ADBE Vector Shape - Group","hd":false},{"ty":"st","c":{"a":0,"k":[0,0,0,1],"ix":3},"o":{"a":0,"k":100,"ix":4},"w":{"a":0,"k":1.447,"ix":5},"lc":1,"lj":1,"ml":10,"bm":0,"nm":"Stroke 1","mn":"ADBE Vector Graphic - Stroke","hd":false},{"ty":"fl","c":{"a":0,"k":[0.20000000298,0.796078443527,0.596078455448,1],"ix":4},"o":{"a":0,"k":100,"ix":5},"r":1,"bm":0,"nm":"Fill 1","mn":"ADBE Vector Graphic - Fill","hd":false},{"ty":"tr","p":{"a":0,"k":[366.374,465.154],"ix":2},"a":{"a":0,"k":[0,0],"ix":1},"s":{"a":0,"k":[100,100],"ix":3},"r":{"a":0,"k":0,"ix":6},"o":{"a":0,"k":100,"ix":7},"sk":{"a":0,"k":0,"ix":4},"sa":{"a":0,"k":0,"ix":5},"nm":"Transform"}],"nm":"Group 1","np":3,"cix":2,"bm":0,"ix":1,"mn":"ADBE Vector Group","hd":false},{"ty":"gr","it":[{"ind":0,"ty":"sh","ix":1,"ks":{"a":0,"k":{"i":[[0,0],[10.811,-1.426],[3.425,-39.666],[-1.749,-3.397],[0,0],[0,0],[16.93,12.823],[2.54,5.571],[-0.913,6.511],[-29.241,2.682]],"o":[[-7.065,-0.511],[-35.474,4.678],[-1.684,19.506],[21.891,42.52],[0,0],[-20.262,-5.789],[-4.88,-3.697],[-2.728,-5.983],[2.253,-16.067],[0,0]],"v":[[47.034,-79.317],[25.327,-79.254],[-50.776,-3.385],[-43.675,34.416],[41.841,80.039],[51.035,54.842],[-8.095,28.308],[-20.097,14.658],[-22.053,-4.702],[36.053,-52.758]],"c":false},"ix":2},"nm":"Path 1","mn":"ADBE Vector Shape - Group","hd":false},{"ty":"st","c":{"a":0,"k":[0,0,0,1],"ix":3},"o":{"a":0,"k":100,"ix":4},"w":{"a":0,"k":1.447,"ix":5},"lc":2,"lj":2,"bm":0,"nm":"Stroke 1","mn":"ADBE Vector Graphic - Stroke","hd":false},{"ty":"fl","c":{"a":0,"k":[1,0.796078443527,0.600000023842,1],"ix":4},"o":{"a":0,"k":100,"ix":5},"r":1,"bm":0,"nm":"Fill 1","mn":"ADBE Vector Graphic - Fill","hd":false},{"ty":"tr","p":{"a":0,"k":[331.845,401.732],"ix":2},"a":{"a":0,"k":[0,0],"ix":1},"s":{"a":0,"k":[100,100],"ix":3},"r":{"a":0,"k":0,"ix":6},"o":{"a":0,"k":100,"ix":7},"sk":{"a":0,"k":0,"ix":4},"sa":{"a":0,"k":0,"ix":5},"nm":"Transform"}],"nm":"Group 2","np":3,"cix":2,"bm":0,"ix":2,"mn":"ADBE Vector Group","hd":false},{"ty":"gr","it":[{"ind":0,"ty":"sh","ix":1,"ks":{"a":0,"k":{"i":[[-5.263,-0.821],[-0.65,2.327],[-0.031,0.318],[-0.013,0.046],[-0.422,0.127],[-0.41,1.469],[-0.007,0.528],[-0.041,0.145],[-0.518,0.191],[-0.386,1.381],[0.438,0.944],[-0.093,0.332],[-0.358,0.178],[-0.326,1.165],[2.598,0.722],[3.947,1.097],[0.085,0.686],[2.964,-1.017],[0.3,0.06],[0,0],[0.243,-0.87],[0,-0.001],[0,0],[-0.796,-0.34],[0,0],[-0.17,-0.192]],"o":[[4.965,0.775],[0.09,-0.323],[0.005,-0.049],[0.115,-0.412],[2.376,-0.712],[0.187,-0.671],[0.002,-0.155],[0.145,-0.518],[1.587,-0.584],[0.258,-0.924],[-0.238,-0.512],[0.062,-0.222],[1.115,-0.553],[0.542,-1.941],[-4.364,-1.213],[-0.666,-0.185],[-1.071,-8.64],[-0.289,0.099],[0,0],[-0.886,-0.177],[0,0.001],[0,0],[-0.232,0.834],[0,0],[0.236,0.101],[6.325,7.151]],"v":[[2.899,18.109],[10.771,14.297],[10.952,13.332],[10.979,13.189],[11.935,12.357],[15.736,8.59],[15.992,6.744],[16.058,6.291],[17.096,5.15],[20.161,1.976],[19.923,-0.893],[19.603,-2.136],[20.204,-2.728],[22.428,-5.503],[19.643,-10.408],[13.695,-12.041],[12.449,-13.48],[-8.758,-15.603],[-9.656,-15.544],[-15.334,-16.679],[-17.332,-15.45],[-17.333,-15.448],[-22.532,3.245],[-21.547,5.296],[-15.963,7.676],[-15.347,8.123]],"c":true},"ix":2},"nm":"Path 1","mn":"ADBE Vector Shape - Group","hd":false},{"ty":"st","c":{"a":0,"k":[0,0,0,1],"ix":3},"o":{"a":0,"k":100,"ix":4},"w":{"a":0,"k":1.447,"ix":5},"lc":2,"lj":2,"bm":0,"nm":"Stroke 1","mn":"ADBE Vector Graphic - Stroke","hd":false},{"ty":"fl","c":{"a":0,"k":[1,0.796078443527,0.600000023842,1],"ix":4},"o":{"a":0,"k":100,"ix":5},"r":1,"bm":0,"nm":"Fill 1","mn":"ADBE Vector Graphic - Fill","hd":false},{"ty":"tr","p":{"a":0,"k":[394.064,473.651],"ix":2},"a":{"a":0,"k":[0,0],"ix":1},"s":{"a":0,"k":[100,100],"ix":3},"r":{"a":0,"k":0,"ix":6},"o":{"a":0,"k":100,"ix":7},"sk":{"a":0,"k":0,"ix":4},"sa":{"a":0,"k":0,"ix":5},"nm":"Transform"}],"nm":"Group 3","np":3,"cix":2,"bm":0,"ix":3,"mn":"ADBE Vector Group","hd":false}],"ip":0,"op":167,"st":0,"bm":0},{"ddd":0,"ind":4,"ty":4,"nm":"Layer 12","parent":5,"sr":1,"ks":{"o":{"a":0,"k":100,"ix":11},"r":{"a":0,"k":-8,"ix":10},"p":{"a":0,"k":[469.906,396.362,0],"ix":2},"a":{"a":0,"k":[0,0,0],"ix":1},"s":{"a":0,"k":[30.568,31.5,100],"ix":6}},"ao":0,"shapes":[{"ty":"gr","it":[{"ind":0,"ty":"sh","ix":1,"ks":{"a":0,"k":{"i":[[-0.026,-0.019],[0.062,-0.132],[-0.304,-2.538],[-2.558,-0.718],[-1.926,0.513],[-6.462,1.744],[-8.195,2.25],[-3.22,0.892],[-0.042,-0.035],[0.104,-0.046],[8.821,-3.83],[8.787,-3.791],[0.964,-0.38],[2.94,0.258],[1.263,1.203],[-0.009,2.024],[-0.678,1.66],[-1.946,2.57],[-0.814,1.004],[-0.052,0.072]],"o":[[-0.063,0.132],[-1.082,2.292],[0.315,2.634],[1.924,0.54],[6.468,-1.722],[8.204,-2.214],[3.222,-0.885],[0.021,-0.006],[-0.102,0.051],[-8.812,3.85],[-8.778,3.812],[-0.951,0.41],[-2.739,1.08],[-1.694,-0.149],[-1.487,-1.416],[0.008,-1.812],[1.225,-2.998],[0.78,-1.03],[0.056,-0.069],[0.026,0.019]],"v":[[-26.804,-10.937],[-26.993,-10.541],[-28.289,-3.315],[-23.942,1.735],[-18.184,1.699],[1.229,-3.43],[25.818,-10.162],[35.477,-12.838],[35.563,-12.808],[35.256,-12.656],[8.817,-1.113],[-17.54,10.27],[-20.407,11.471],[-28.925,12.773],[-33.459,10.909],[-35.563,5.685],[-34.38,0.506],[-29.475,-7.764],[-27.039,-10.779],[-26.882,-10.994]],"c":true},"ix":2},"nm":"Path 1","mn":"ADBE Vector Shape - Group","hd":false},{"ty":"fl","c":{"a":0,"k":[0,0,0,1],"ix":4},"o":{"a":0,"k":100,"ix":5},"r":1,"bm":0,"nm":"Fill 1","mn":"ADBE Vector Graphic - Fill","hd":false},{"ty":"tr","p":{"a":0,"k":[0,0],"ix":2},"a":{"a":0,"k":[0,0],"ix":1},"s":{"a":0,"k":[100,100],"ix":3},"r":{"a":0,"k":0,"ix":6},"o":{"a":0,"k":100,"ix":7},"sk":{"a":0,"k":0,"ix":4},"sa":{"a":0,"k":0,"ix":5},"nm":"Transform"}],"nm":"Group 1","np":2,"cix":2,"bm":0,"ix":1,"mn":"ADBE Vector Group","hd":false}],"ip":0,"op":167,"st":0,"bm":0},{"ddd":0,"ind":5,"ty":4,"nm":"Layer 7","sr":1,"ks":{"o":{"a":0,"k":100,"ix":11},"r":{"a":0,"k":0,"ix":10},"p":{"a":1,"k":[{"i":{"x":0.833,"y":0.833},"o":{"x":0.167,"y":0.167},"t":0,"s":[284.058,181.153,0],"to":[0,0,0],"ti":[0,0,0]},{"i":{"x":0.833,"y":0.833},"o":{"x":0.167,"y":0.167},"t":3,"s":[284.058,172.653,0],"to":[0,0,0],"ti":[0,0,0]},{"i":{"x":0.833,"y":0.833},"o":{"x":0.167,"y":0.167},"t":6,"s":[284.058,181.153,0],"to":[0,0,0],"ti":[0,0,0]},{"i":{"x":0.833,"y":0.833},"o":{"x":0.167,"y":0.167},"t":9,"s":[284.058,172.653,0],"to":[0,0,0],"ti":[0,0,0]},{"t":12,"s":[284.058,181.153,0]}],"ix":2},"a":{"a":0,"k":[426.058,318.329,0],"ix":1},"s":{"a":0,"k":[75.413,75.413,100],"ix":6}},"ao":0,"shapes":[{"ty":"gr","it":[{"ind":0,"ty":"sh","ix":1,"ks":{"a":1,"k":[{"i":{"x":0.833,"y":0.833},"o":{"x":0.167,"y":0.167},"t":0,"s":[{"i":[[17.366,130.584],[0,0],[-52.313,15.616],[-3.095,12.832],[-0.622,11.813],[0,0],[-13.28,-43.925],[0,0],[0,0],[0,0]],"o":[[0,0],[0,0],[13.346,-3.984],[2.831,-11.734],[0,0],[0,0],[0,0],[0,0],[0,0],[0,0]],"v":[[-45.17,-120.709],[-36.998,-122.071],[25.315,-57.035],[49.282,-86.613],[50.512,-121.731],[57.663,-121.05],[66.622,0],[63.013,120.898],[-63.97,120.082],[-64.345,2.937]],"c":true}]},{"i":{"x":0.833,"y":0.833},"o":{"x":0.167,"y":0.167},"t":3,"s":[{"i":[[17.366,130.584],[0,0],[-52.313,15.616],[-3.095,12.832],[-0.622,11.813],[0,0],[-13.28,-43.925],[0,0],[0,0],[0,0]],"o":[[0,0],[0,0],[13.346,-3.984],[2.831,-11.734],[0,0],[0,0],[0,0],[0,0],[0,0],[0,0]],"v":[[-45.17,-120.709],[-36.998,-122.071],[25.315,-57.035],[49.282,-86.613],[50.512,-121.731],[57.663,-121.05],[66.622,0],[65.665,121.561],[-76.567,120.745],[-64.345,2.937]],"c":true}]},{"i":{"x":0.833,"y":0.833},"o":{"x":0.167,"y":0.167},"t":6,"s":[{"i":[[17.366,130.584],[0,0],[-52.313,15.616],[-3.095,12.832],[-0.622,11.813],[0,0],[-13.28,-43.925],[0,0],[1.77,0.687],[0,0]],"o":[[0,0],[0,0],[13.346,-3.984],[2.831,-11.734],[0,0],[0,0],[0,0],[0,0],[-6.494,-16.516],[0,0]],"v":[[-45.17,-120.709],[-36.998,-122.071],[25.315,-57.035],[49.282,-86.613],[50.512,-121.731],[57.663,-121.05],[66.622,0],[64.09,121.561],[-65.296,122.071],[-64.345,2.937]],"c":true}]},{"i":{"x":0.833,"y":0.833},"o":{"x":0.167,"y":0.167},"t":9,"s":[{"i":[[17.366,130.584],[0,0],[-52.313,15.616],[-3.095,12.832],[-0.622,11.813],[0,0],[-13.28,-43.925],[0,0],[0,0],[0,0]],"o":[[0,0],[0,0],[13.346,-3.984],[2.831,-11.734],[0,0],[0,0],[0,0],[0,0],[0,0],[0,0]],"v":[[-45.17,-120.709],[-36.998,-122.071],[25.315,-57.035],[49.282,-86.613],[50.512,-121.731],[57.663,-121.05],[66.622,0],[65.665,121.561],[-76.567,120.745],[-64.345,2.937]],"c":true}]},{"t":12,"s":[{"i":[[17.366,130.584],[0,0],[-52.313,15.616],[-3.095,12.832],[-0.622,11.813],[0,0],[-13.28,-43.925],[0,0],[0,0],[0,0]],"o":[[0,0],[0,0],[13.346,-3.984],[2.831,-11.734],[0,0],[0,0],[0,0],[0,0],[0,0],[0,0]],"v":[[-45.17,-120.709],[-36.998,-122.071],[25.315,-57.035],[49.282,-86.613],[50.512,-121.731],[57.663,-121.05],[66.622,0],[63.013,120.898],[-63.97,120.082],[-64.345,2.937]],"c":true}]}],"ix":2},"nm":"Path 1","mn":"ADBE Vector Shape - Group","hd":false},{"ty":"st","c":{"a":0,"k":[0,0,0,1],"ix":3},"o":{"a":0,"k":100,"ix":4},"w":{"a":0,"k":1.447,"ix":5},"lc":1,"lj":1,"ml":10,"bm":0,"nm":"Stroke 1","mn":"ADBE Vector Graphic - Stroke","hd":false},{"ty":"fl","c":{"a":0,"k":[0.20000000298,0.796078443527,0.596078455448,1],"ix":4},"o":{"a":0,"k":100,"ix":5},"r":1,"bm":0,"nm":"Fill 1","mn":"ADBE Vector Graphic - Fill","hd":false},{"ty":"tr","p":{"a":0,"k":[426.497,440.4],"ix":2},"a":{"a":0,"k":[0,0],"ix":1},"s":{"a":0,"k":[100,100],"ix":3},"r":{"a":0,"k":0,"ix":6},"o":{"a":0,"k":100,"ix":7},"sk":{"a":0,"k":0,"ix":4},"sa":{"a":0,"k":0,"ix":5},"nm":"Transform"}],"nm":"Group 1","np":3,"cix":2,"bm":0,"ix":1,"mn":"ADBE Vector Group","hd":false},{"ty":"gr","it":[{"ind":0,"ty":"sh","ix":1,"ks":{"a":1,"k":[{"i":{"x":0.833,"y":0.833},"o":{"x":0.167,"y":0.167},"t":0,"s":[{"i":[[0,0],[-0.42,-33.141],[1.838,-34.991],[0,0],[-0.082,39.598],[1.676,38.515],[-5.055,0.166],[-43.355,0]],"o":[[2.076,30.257],[0.495,39.055],[0,0],[1.673,-36.756],[0.086,-41.625],[-0.076,-1.74],[42.929,0.008],[0,0]],"v":[[63.316,-86.815],[67.181,8.342],[62.316,118.855],[-64.666,118.039],[-64.594,5.448],[-67.087,-114.819],[-62.566,-120.028],[61.056,-119.908]],"c":false}]},{"i":{"x":0.833,"y":0.833},"o":{"x":0.167,"y":0.167},"t":3,"s":[{"i":[[0,0],[-0.42,-33.141],[1.838,-34.991],[0,0],[-0.082,39.598],[1.676,38.515],[-5.055,0.166],[-43.355,0]],"o":[[2.076,30.257],[0.495,39.055],[0,0],[6.907,-37.58],[0.086,-41.625],[-0.076,-1.74],[42.929,0.008],[0,0]],"v":[[63.316,-86.815],[67.181,8.342],[64.968,119.518],[-77.264,118.702],[-64.594,5.448],[-67.087,-114.819],[-62.566,-120.028],[61.056,-119.908]],"c":false}]},{"i":{"x":0.833,"y":0.833},"o":{"x":0.167,"y":0.167},"t":6,"s":[{"i":[[0,0],[-0.42,-33.141],[1.838,-34.991],[0,0],[-0.082,39.598],[1.676,38.515],[-5.055,0.166],[-43.355,0]],"o":[[2.076,30.257],[0.495,39.055],[0,0],[-4.364,-45.205],[0.086,-41.625],[-0.076,-1.74],[42.929,0.008],[0,0]],"v":[[63.316,-86.815],[67.181,8.342],[63.393,119.518],[-65.992,120.028],[-64.594,5.448],[-67.087,-114.819],[-62.566,-120.028],[61.056,-119.908]],"c":false}]},{"i":{"x":0.833,"y":0.833},"o":{"x":0.167,"y":0.167},"t":9,"s":[{"i":[[0,0],[-0.42,-33.141],[1.838,-34.991],[0,0],[-0.082,39.598],[1.676,38.515],[-5.056,0.166],[-43.355,0]],"o":[[2.076,30.257],[0.495,39.055],[0,0],[6.907,-37.58],[0.086,-41.625],[-0.076,-1.74],[42.929,0.008],[0,0]],"v":[[63.316,-86.815],[67.181,8.342],[64.968,119.518],[-77.264,118.702],[-64.594,5.448],[-67.087,-114.819],[-62.566,-120.028],[61.056,-119.908]],"c":false}]},{"t":12,"s":[{"i":[[0,0],[-0.42,-33.141],[1.838,-34.991],[0,0],[-0.082,39.598],[1.676,38.515],[-5.056,0.166],[-43.355,0]],"o":[[2.076,30.257],[0.495,39.055],[0,0],[1.673,-36.756],[0.086,-41.625],[-0.076,-1.74],[42.929,0.008],[0,0]],"v":[[63.316,-86.815],[67.181,8.342],[62.316,118.855],[-64.666,118.039],[-64.594,5.448],[-67.087,-114.819],[-62.566,-120.028],[61.056,-119.908]],"c":false}]}],"ix":2},"nm":"Path 1","mn":"ADBE Vector Shape - Group","hd":false},{"ty":"st","c":{"a":0,"k":[0,0,0,1],"ix":3},"o":{"a":0,"k":100,"ix":4},"w":{"a":0,"k":1.447,"ix":5},"lc":2,"lj":2,"bm":0,"nm":"Stroke 1","mn":"ADBE Vector Graphic - Stroke","hd":false},{"ty":"fl","c":{"a":0,"k":[1,0.796078443527,0.600000023842,1],"ix":4},"o":{"a":0,"k":100,"ix":5},"r":1,"bm":0,"nm":"Fill 1","mn":"ADBE Vector Graphic - Fill","hd":false},{"ty":"tr","p":{"a":0,"k":[426.058,442.539],"ix":2},"a":{"a":0,"k":[0,0],"ix":1},"s":{"a":0,"k":[100,100],"ix":3},"r":{"a":0,"k":0,"ix":6},"o":{"a":0,"k":100,"ix":7},"sk":{"a":0,"k":0,"ix":4},"sa":{"a":0,"k":0,"ix":5},"nm":"Transform"}],"nm":"Group 2","np":3,"cix":2,"bm":0,"ix":2,"mn":"ADBE Vector Group","hd":false}],"ip":0,"op":167,"st":0,"bm":0},{"ddd":0,"ind":6,"ty":0,"nm":"Pre-comp 1","refId":"comp_0","sr":1,"ks":{"o":{"a":0,"k":100,"ix":11},"r":{"a":0,"k":0,"ix":10},"p":{"a":0,"k":[273,318,0],"ix":2},"a":{"a":0,"k":[273,318,0],"ix":1},"s":{"a":0,"k":[100,100,100],"ix":6}},"ao":0,"w":546,"h":636,"ip":6,"op":12,"st":6,"bm":0},{"ddd":0,"ind":7,"ty":0,"nm":"Pre-comp 1","refId":"comp_0","sr":1,"ks":{"o":{"a":0,"k":100,"ix":11},"r":{"a":0,"k":0,"ix":10},"p":{"a":0,"k":[273,318,0],"ix":2},"a":{"a":0,"k":[273,318,0],"ix":1},"s":{"a":0,"k":[100,100,100],"ix":6}},"ao":0,"w":546,"h":636,"ip":0,"op":6,"st":0,"bm":0},{"ddd":0,"ind":8,"ty":4,"nm":"Layer 10","parent":5,"sr":1,"ks":{"o":{"a":0,"k":100,"ix":11},"r":{"a":1,"k":[{"i":{"x":[0.408],"y":[1]},"o":{"x":[0.558],"y":[0]},"t":0,"s":[-18]},{"i":{"x":[0.408],"y":[1]},"o":{"x":[0.558],"y":[0]},"t":6,"s":[36]},{"t":12,"s":[-18]}],"ix":10},"p":{"a":1,"k":[{"i":{"x":0.408,"y":1},"o":{"x":0.558,"y":0},"t":0,"s":[484.472,323.668,0],"to":[0,0,0],"ti":[0,0,0]},{"i":{"x":0.408,"y":1},"o":{"x":0.558,"y":0},"t":6,"s":[488.947,324.248,0],"to":[0,0,0],"ti":[0,0,0]},{"t":12,"s":[484.472,323.668,0]}],"ix":2},"a":{"a":0,"k":[485.477,323.476,0],"ix":1},"s":{"a":0,"k":[101.049,101.049,100],"ix":6}},"ao":0,"shapes":[{"ty":"gr","it":[{"ind":0,"ty":"sh","ix":1,"ks":{"a":0,"k":{"i":[[0,0]],"o":[[0,0]],"v":[[0,0]],"c":false},"ix":2},"nm":"Path 1","mn":"ADBE Vector Shape - Group","hd":false},{"ty":"st","c":{"a":0,"k":[0,0,0,1],"ix":3},"o":{"a":0,"k":100,"ix":4},"w":{"a":0,"k":0.641,"ix":5},"lc":2,"lj":2,"bm":0,"nm":"Stroke 1","mn":"ADBE Vector Graphic - Stroke","hd":false},{"ty":"fl","c":{"a":0,"k":[1,0.937254905701,0.517647087574,1],"ix":4},"o":{"a":0,"k":100,"ix":5},"r":1,"bm":0,"nm":"Fill 1","mn":"ADBE Vector Graphic - Fill","hd":false},{"ty":"tr","p":{"a":0,"k":[616.786,382.089],"ix":2},"a":{"a":0,"k":[0,0],"ix":1},"s":{"a":0,"k":[100,100],"ix":3},"r":{"a":0,"k":0,"ix":6},"o":{"a":0,"k":100,"ix":7},"sk":{"a":0,"k":0,"ix":4},"sa":{"a":0,"k":0,"ix":5},"nm":"Transform"}],"nm":"Group 1","np":3,"cix":2,"bm":0,"ix":1,"mn":"ADBE Vector Group","hd":false},{"ty":"gr","it":[{"ind":0,"ty":"sh","ix":1,"ks":{"a":0,"k":{"i":[[7.154,-5.93],[-0.593,2.056],[-3.052,-2.432],[0,0]],"o":[[0,0],[0.593,-2.056],[0,0],[0,0]],"v":[[2.477,18.571],[-16.746,-4.607],[0.228,-18.289],[16.759,0.821]],"c":true},"ix":2},"nm":"Path 1","mn":"ADBE Vector Shape - Group","hd":false},{"ty":"st","c":{"a":0,"k":[0,0,0,1],"ix":3},"o":{"a":0,"k":100,"ix":4},"w":{"a":0,"k":1.447,"ix":5},"lc":1,"lj":1,"ml":10,"bm":0,"nm":"Stroke 1","mn":"ADBE Vector Graphic - Stroke","hd":false},{"ty":"fl","c":{"a":0,"k":[0.20000000298,0.796078443527,0.596078455448,1],"ix":4},"o":{"a":0,"k":100,"ix":5},"r":1,"bm":0,"nm":"Fill 1","mn":"ADBE Vector Graphic - Fill","hd":false},{"ty":"tr","p":{"a":0,"k":[600.841,408.06],"ix":2},"a":{"a":0,"k":[0,0],"ix":1},"s":{"a":0,"k":[100,100],"ix":3},"r":{"a":0,"k":0,"ix":6},"o":{"a":0,"k":100,"ix":7},"sk":{"a":0,"k":0,"ix":4},"sa":{"a":0,"k":0,"ix":5},"nm":"Transform"}],"nm":"Group 2","np":3,"cix":2,"bm":0,"ix":2,"mn":"ADBE Vector Group","hd":false},{"ty":"gr","it":[{"ind":0,"ty":"sh","ix":1,"ks":{"a":0,"k":{"i":[[0,0],[0,0],[0.921,-0.141],[0,0],[-1.341,-1.509],[0,0],[-1.399,0.575],[0,0],[-0.002,0.001],[-0.019,0.007],[-0.295,0.262],[0,0],[1.342,1.509],[0,0],[1.112,-0.058]],"o":[[0,0],[-0.747,0.664],[0,0],[-1.509,1.342],[0,0],[1.061,1.193],[0,0],[0.008,-0.004],[0.019,-0.009],[0.344,-0.15],[0,0],[1.509,-1.341],[0,0],[-0.738,-0.83],[0,0]],"v":[[3.05,-7.237],[-3.444,-1.462],[-6.004,-0.258],[-6.372,0.068],[-6.676,5.238],[-5.984,6.015],[-1.853,6.968],[-1.853,6.967],[-1.838,6.96],[-1.78,6.937],[-0.815,6.318],[6.372,-0.072],[6.675,-5.241],[5.985,-6.019],[3.05,-7.237]],"c":true},"ix":2},"nm":"Path 1","mn":"ADBE Vector Shape - Group","hd":false},{"ty":"st","c":{"a":0,"k":[0,0,0,1],"ix":3},"o":{"a":0,"k":100,"ix":4},"w":{"a":0,"k":0.724,"ix":5},"lc":2,"lj":2,"bm":0,"nm":"Stroke 1","mn":"ADBE Vector Graphic - Stroke","hd":false},{"ty":"fl","c":{"a":0,"k":[1,0.796078443527,0.600000023842,1],"ix":4},"o":{"a":0,"k":100,"ix":5},"r":1,"bm":0,"nm":"Fill 1","mn":"ADBE Vector Graphic - Fill","hd":false},{"ty":"tr","p":{"a":0,"k":[639.115,393.81],"ix":2},"a":{"a":0,"k":[0,0],"ix":1},"s":{"a":0,"k":[100,100],"ix":3},"r":{"a":0,"k":0,"ix":6},"o":{"a":0,"k":100,"ix":7},"sk":{"a":0,"k":0,"ix":4},"sa":{"a":0,"k":0,"ix":5},"nm":"Transform"}],"nm":" 465187320","np":3,"cix":2,"bm":0,"ix":3,"mn":"ADBE Vector Group","hd":false},{"ty":"gr","it":[{"ind":0,"ty":"sh","ix":1,"ks":{"a":0,"k":{"i":[[0,0],[0,0],[0.835,-0.175],[-1.123,-1.263],[0,0],[-1.121,0.104],[-0.04,0.001],[-0.573,0.509],[0,0],[-0.005,0.005],[0,0],[1.341,1.509],[0,0],[1.155,-0.099],[0.136,-0.121]],"o":[[0,0],[-0.663,0.589],[-0.963,1.369],[0,0],[0.804,0.904],[0.04,-0.008],[0.708,-0.089],[0,0],[0.005,-0.005],[0,0],[1.509,-1.341],[0,0],[-0.77,-0.866],[-0.12,0.132],[0,0]],"v":[[2.545,-6.849],[-4.642,-0.459],[-6.933,0.692],[-6.68,5.238],[-5.989,6.015],[-2.91,7.226],[-2.79,7.213],[-0.82,6.318],[5.834,0.402],[5.85,0.387],[6.367,-0.072],[6.671,-5.241],[5.98,-6.018],[2.928,-7.228],[2.545,-6.849]],"c":true},"ix":2},"nm":"Path 1","mn":"ADBE Vector Shape - Group","hd":false},{"ty":"st","c":{"a":0,"k":[0,0,0,1],"ix":3},"o":{"a":0,"k":100,"ix":4},"w":{"a":0,"k":0.724,"ix":5},"lc":2,"lj":2,"bm":0,"nm":"Stroke 1","mn":"ADBE Vector Graphic - Stroke","hd":false},{"ty":"fl","c":{"a":0,"k":[1,0.796078443527,0.600000023842,1],"ix":4},"o":{"a":0,"k":100,"ix":5},"r":1,"bm":0,"nm":"Fill 1","mn":"ADBE Vector Graphic - Fill","hd":false},{"ty":"tr","p":{"a":0,"k":[635.599,385.026],"ix":2},"a":{"a":0,"k":[0,0],"ix":1},"s":{"a":0,"k":[100,100],"ix":3},"r":{"a":0,"k":0,"ix":6},"o":{"a":0,"k":100,"ix":7},"sk":{"a":0,"k":0,"ix":4},"sa":{"a":0,"k":0,"ix":5},"nm":"Transform"}],"nm":" 465188208","np":3,"cix":2,"bm":0,"ix":4,"mn":"ADBE Vector Group","hd":false},{"ty":"gr","it":[{"ind":0,"ty":"sh","ix":1,"ks":{"a":0,"k":{"i":[[0,0],[0,0],[-0.421,-0.432],[1.556,-1.906],[0.129,-0.125],[-0.827,0.736],[0,0],[-0.12,0.146],[-0.012,0.013],[1.2,1.35],[0,0],[1.29,-0.282],[0.501,-0.445]],"o":[[0,0],[0.382,0.351],[1.171,1.201],[-0.1,0.123],[1.061,0.163],[0,0],[0.145,-0.129],[0.01,-0.014],[1.09,-1.367],[0,0],[-0.881,-0.99],[-0.286,0.605],[0,0]],"v":[[-0.349,-5.557],[-5.988,-0.544],[-4.788,0.619],[-5.078,6.823],[-5.421,7.197],[-2.426,6.32],[4.761,-0.07],[5.159,-0.484],[5.192,-0.525],[5.064,-5.24],[4.374,-6.017],[0.846,-7.155],[-0.349,-5.557]],"c":true},"ix":2},"nm":"Path 1","mn":"ADBE Vector Shape - Group","hd":false},{"ty":"st","c":{"a":0,"k":[0,0,0,1],"ix":3},"o":{"a":0,"k":100,"ix":4},"w":{"a":0,"k":0.724,"ix":5},"lc":2,"lj":2,"bm":0,"nm":"Stroke 1","mn":"ADBE Vector Graphic - Stroke","hd":false},{"ty":"fl","c":{"a":0,"k":[1,0.796078443527,0.600000023842,1],"ix":4},"o":{"a":0,"k":100,"ix":5},"r":1,"bm":0,"nm":"Fill 1","mn":"ADBE Vector Graphic - Fill","hd":false},{"ty":"tr","p":{"a":0,"k":[632.492,377.245],"ix":2},"a":{"a":0,"k":[0,0],"ix":1},"s":{"a":0,"k":[100,100],"ix":3},"r":{"a":0,"k":0,"ix":6},"o":{"a":0,"k":100,"ix":7},"sk":{"a":0,"k":0,"ix":4},"sa":{"a":0,"k":0,"ix":5},"nm":"Transform"}],"nm":" 465188160","np":3,"cix":2,"bm":0,"ix":5,"mn":"ADBE Vector Group","hd":false},{"ty":"gr","it":[{"ind":0,"ty":"sh","ix":1,"ks":{"a":0,"k":{"i":[[0,0],[-1.369,-1.185],[-0.11,-0.096],[0,0],[-0.211,0.522],[0.742,0.834],[0,0],[1.509,-1.341],[0,0],[-0.219,-0.376]],"o":[[1.663,2.261],[0.109,0.094],[0,0],[0.423,-0.376],[0.189,-1.108],[0,0],[-1.341,-1.509],[0,0],[0.224,0.315],[0,0]],"v":[[-5.377,0.911],[-1.052,5.477],[-0.723,5.762],[5.034,0.644],[5.988,-0.708],[5.12,-3.758],[4.43,-4.536],[-0.739,-4.839],[-6.041,-0.125],[-5.377,0.911]],"c":true},"ix":2},"nm":"Path 1","mn":"ADBE Vector Shape - Group","hd":false},{"ty":"st","c":{"a":0,"k":[0,0,0,1],"ix":3},"o":{"a":0,"k":100,"ix":4},"w":{"a":0,"k":0.724,"ix":5},"lc":2,"lj":2,"bm":0,"nm":"Stroke 1","mn":"ADBE Vector Graphic - Stroke","hd":false},{"ty":"fl","c":{"a":0,"k":[1,0.796078443527,0.600000023842,1],"ix":4},"o":{"a":0,"k":100,"ix":5},"r":1,"bm":0,"nm":"Fill 1","mn":"ADBE Vector Graphic - Fill","hd":false},{"ty":"tr","p":{"a":0,"k":[626.217,370.041],"ix":2},"a":{"a":0,"k":[0,0],"ix":1},"s":{"a":0,"k":[100,100],"ix":3},"r":{"a":0,"k":0,"ix":6},"o":{"a":0,"k":100,"ix":7},"sk":{"a":0,"k":0,"ix":4},"sa":{"a":0,"k":0,"ix":5},"nm":"Transform"}],"nm":" 465187944","np":3,"cix":2,"bm":0,"ix":6,"mn":"ADBE Vector Group","hd":false},{"ty":"gr","it":[{"ind":0,"ty":"sh","ix":1,"ks":{"a":0,"k":{"i":[[0,0],[0,0],[0,0],[-1.3,0.391],[-3.305,1.509],[0.607,0.683],[0,0],[-1.494,1.868],[0.727,0.818],[0,0],[-0.77,1.755],[0.493,0.224],[3.292,2.117],[0.014,0.01],[1.159,1.082],[5.079,-3.641],[0.225,0.253],[0.014,0.019],[-0.301,0.216],[0.042,1.42],[0.357,0.515],[-0.304,0.211],[-0.212,-0.305],[-0.258,-0.198],[-1.413,0.531],[-0.076,0.018],[-0.271,0.332],[0.638,0.718],[0,0],[0.531,0.47],[0.006,0.005],[0.249,0.216],[1.762,2.402],[0.012,0.021],[0.288,0.376],[0.033,0.037],[0.028,0.065],[1.579,-0.361],[2.598,-4.849],[0.284,-3.749],[0.538,-0.478]],"o":[[0,0],[0,0],[2.288,-2.103],[1.639,-0.493],[-0.811,-0.266],[0,0],[-1.641,-1.846],[-0.995,-0.219],[0,0],[-1.313,-1.476],[-0.524,-0.056],[-1.462,0.506],[-0.014,-0.009],[-0.073,-0.055],[-0.123,2.968],[-0.281,0.202],[-0.016,-0.018],[-0.216,-0.301],[5.541,-3.972],[-0.447,-0.488],[-0.211,-0.304],[0.305,-0.211],[1.444,2.083],[2.439,1.564],[0.066,-0.043],[0.368,-0.175],[1.119,-1.37],[0,0],[-0.597,-0.612],[-0.006,-0.005],[-0.257,-0.227],[-1.433,-1.242],[-0.014,-0.019],[-0.273,-0.471],[-0.038,-0.028],[-0.05,-0.056],[-1.31,-1.579],[-2.569,0.588],[-2.352,4.389],[-0.054,0.718],[0,0]],"v":[[-19.506,4.902],[-2.557,23.964],[3.288,18.591],[9.479,14.288],[19.506,10.009],[17.334,8.583],[16.643,7.806],[16.473,1.358],[13.814,-0.201],[13.123,-0.978],[12.297,-6.337],[10.761,-6.756],[3.78,-8.508],[3.739,-8.537],[1.496,-10.442],[-4.601,2.366],[-5.492,2.267],[-5.537,2.212],[-5.382,1.276],[0.16,-11.784],[-1.068,-13.3],[-0.899,-14.233],[0.034,-14.064],[4.528,-9.622],[10.405,-8.063],[10.62,-8.154],[11.581,-8.914],[11.979,-13.301],[11.95,-13.332],[10.269,-14.925],[10.251,-14.94],[9.494,-15.602],[4.944,-20.417],[4.905,-20.478],[4.063,-21.749],[3.956,-21.847],[3.839,-22.03],[-0.507,-23.864],[-8.637,-15.31],[-12.976,-1.913],[-13.868,-0.111]],"c":true},"ix":2},"nm":"Path 1","mn":"ADBE Vector Shape - Group","hd":false},{"ty":"st","c":{"a":0,"k":[0,0,0,1],"ix":3},"o":{"a":0,"k":100,"ix":4},"w":{"a":0,"k":0.724,"ix":5},"lc":2,"lj":2,"bm":0,"nm":"Stroke 1","mn":"ADBE Vector Graphic - Stroke","hd":false},{"ty":"fl","c":{"a":0,"k":[1,0.796078443527,0.600000023842,1],"ix":4},"o":{"a":0,"k":100,"ix":5},"r":1,"bm":0,"nm":"Fill 1","mn":"ADBE Vector Graphic - Fill","hd":false},{"ty":"tr","p":{"a":0,"k":[614.793,392.134],"ix":2},"a":{"a":0,"k":[0,0],"ix":1},"s":{"a":0,"k":[100,100],"ix":3},"r":{"a":0,"k":0,"ix":6},"o":{"a":0,"k":100,"ix":7},"sk":{"a":0,"k":0,"ix":4},"sa":{"a":0,"k":0,"ix":5},"nm":"Transform"}],"nm":" 465187776","np":3,"cix":2,"bm":0,"ix":7,"mn":"ADBE Vector Group","hd":false},{"ty":"gr","it":[{"ind":0,"ty":"sh","ix":1,"ks":{"a":0,"k":{"i":[[0.074,-0.277],[0,0],[0.025,-0.038],[3.765,-9.518],[-31.084,-20.989],[-3.598,-0.116],[-2.6,4.047],[0.133,0.154],[0,0],[0.188,-0.188],[18.161,-7.997],[5.749,0.461],[4.942,3.734],[2.802,8.102],[-1.411,11.408],[-0.626,5.961],[0.034,0.823],[8.818,4.144]],"o":[[0,0],[-0.012,0.044],[-3.604,5.542],[-12.398,31.344],[15.286,10.321],[43.074,1.393],[0.11,-0.172],[0,0],[-0.174,-0.201],[-13.973,13.919],[-5.278,2.324],[-6.174,-0.495],[-7.059,-5.334],[-3.74,-10.813],[0.739,-5.973],[0.086,-0.82],[-0.556,-13.287],[-0.26,-0.122]],"v":[[-58.781,-67.462],[-61.031,-59.057],[-61.088,-58.932],[-66.598,-41.094],[-39.003,56.306],[-4.634,67.775],[71.917,18.557],[71.871,18.018],[55.885,-0.461],[55.218,-0.488],[6.637,35.688],[-10.097,39.315],[-26.93,32.058],[-40.919,9.172],[-45.062,-24.874],[-40.939,-42.265],[-40.872,-44.74],[-58.139,-67.762]],"c":true},"ix":2},"nm":"Path 1","mn":"ADBE Vector Shape - Group","hd":false},{"ty":"st","c":{"a":0,"k":[0,0,0,1],"ix":3},"o":{"a":0,"k":100,"ix":4},"w":{"a":0,"k":1.447,"ix":5},"lc":2,"lj":2,"bm":0,"nm":"Stroke 1","mn":"ADBE Vector Graphic - Stroke","hd":false},{"ty":"fl","c":{"a":0,"k":[1,0.796078443527,0.600000023842,1],"ix":4},"o":{"a":0,"k":100,"ix":5},"r":1,"bm":0,"nm":"Fill 1","mn":"ADBE Vector Graphic - Fill","hd":false},{"ty":"tr","p":{"a":0,"k":[545.17,390.402],"ix":2},"a":{"a":0,"k":[0,0],"ix":1},"s":{"a":0,"k":[100,100],"ix":3},"r":{"a":0,"k":0,"ix":6},"o":{"a":0,"k":100,"ix":7},"sk":{"a":0,"k":0,"ix":4},"sa":{"a":0,"k":0,"ix":5},"nm":"Transform"}],"nm":"Group 3","np":3,"cix":2,"bm":0,"ix":8,"mn":"ADBE Vector Group","hd":false}],"ip":0,"op":167,"st":0,"bm":0}],"markers":[]}